https://www.newspaperlists.com./alabama,Alabama
https://www.newspaperlists.com./alaska,Alaska
https://www.newspaperlists.com./arizona,Arizona
https://www.newspaperlists.com./arkansas,Arkansas
https://www.newspaperlists.com./california title=,California
https://www.newspaperlists.com./colorado,Colorado
https://www.newspaperlists.com./connecticut,Connecticut
https://www.newspaperlists.com./delaware,Delaware
https://www.newspaperlists.com./florida,Florida
https://www.newspaperlists.com./georgia,Georgia
https://www.newspaperlists.com./hawaii,Hawaii
https://www.newspaperlists.com./idaho,Idaho
https://www.newspaperlists.com./illinois,Illinois
https://www.newspaperlists.com./indiana,Indiana
https://www.newspaperlists.com./iowa,Iowa
https://www.newspaperlists.com./kansas,Kansas
https://www.newspaperlists.com./kentucky,Kentucky
https://www.newspaperlists.com./louisiana,Louisiana
https://www.newspaperlists.com./maine,Maine
https://www.newspaperlists.com./maryland,Maryland
https://www.newspaperlists.com./massachusetts,Massachus..
https://www.newspaperlists.com./michigan,Michigan
https://www.newspaperlists.com./minnesota,Minnesota
https://www.newspaperlists.com./mississippi,Mississippi
https://www.newspaperlists.com./missouri,Missouri
https://www.newspaperlists.com./montana,Montana
https://www.newspaperlists.com./nebraska,Nebraska
https://www.newspaperlists.com./nevada,Nevada
https://www.newspaperlists.com./new-hampshire,New Hamp..
https://www.newspaperlists.com./new-mexico,New Mexico
https://www.newspaperlists.com./new-york,New York
https://www.newspaperlists.com./new-jersey,New Jersey
https://www.newspaperlists.com./north-carolina,North Car..
https://www.newspaperlists.com./north-dakota,North Dakota
https://www.newspaperlists.com./ohio,Ohio
https://www.newspaperlists.com./oklahoma,Oklahoma
https://www.newspaperlists.com./oregon,Oregon
https://www.newspaperlists.com./pennsylvania,Pennsylvania
https://www.newspaperlists.com./rhode-island,Rhode Island
https://www.newspaperlists.com./south-carolina,South Car..
https://www.newspaperlists.com./south-dakota,South Da..
https://www.newspaperlists.com./tennesse,Tennesse
https://www.newspaperlists.com./texas,Texas
https://www.newspaperlists.com./utah,Utah
https://www.newspaperlists.com./vermont,Vermont
https://www.newspaperlists.com./virginia,Virginia
https://www.newspaperlists.com./washington,Washington
https://www.newspaperlists.com./west-virginia,West Vi..
https://www.newspaperlists.com./wisconsin,Wisconsin
https://www.newspaperlists.com./wyoming,Wyoming
https://www.newspaperlists.com/usa,USA
https://www.newspaperlists.com/afghanistan,Afghanistan
https://www.newspaperlists.com/albania,Albania
https://www.newspaperlists.com#,Algeria
https://www.newspaperlists.com/andorra,Andorra
https://www.newspaperlists.com/angola,Angola
https://www.newspaperlists.com/argentina,Argentina
https://www.newspaperlists.com/armenia,Armenia
https://www.newspaperlists.com/aruba,Aruba
https://www.newspaperlists.com/australia,Australia
https://www.newspaperlists.com/austria,Austria
https://www.newspaperlists.com/azerbaijan,Azerbaijan
https://www.newspaperlists.com/antigua-barbuda,Antigua & B..
https://www.newspaperlists.com/bahamas,Bahamas
https://www.newspaperlists.com/barbados,Barbados
https://www.newspaperlists.com/belgium,Belgium
https://www.newspaperlists.com/belize,Belize
https://www.newspaperlists.com/bermuda,Bermuda
https://www.newspaperlists.com/bahrain,Bahrain
https://www.newspaperlists.com/bangladesh,Bangladesh
https://www.newspaperlists.com/belarus,Belarus
https://www.newspaperlists.com/benin,Benin
https://www.newspaperlists.com/bhutan,Bhutan
https://www.newspaperlists.com/bolivia,Bolivia
https://www.newspaperlists.com/botswana,Botswana
https://www.newspaperlists.com/brazil,Brazil
https://www.newspaperlists.com/brunei,Brunei
https://www.newspaperlists.com/bulgaria,Bulgaria
https://www.newspaperlists.com/burundi,Burundi
https://www.newspaperlists.com/burkina-faso,Burkina Faso
https://www.newspaperlists.com/cape-verde,Cape Verde
https://www.newspaperlists.com#,Cameroon
https://www.newspaperlists.com/cambodia,Cambodia
https://www.newspaperlists.com#,Canada
https://www.newspaperlists.com/chile,Chile
https://www.newspaperlists.com#,China
https://www.newspaperlists.com/colombia,Colombia
https://www.newspaperlists.com/costa-rica,Costa Rica
https://www.newspaperlists.com/congo,Congo
https://www.newspaperlists.com/cyprus,Cyprus
https://www.newspaperlists.com/cuba,Cuba
https://www.newspaperlists.com/czech-republic,Czech Re..
https://www.newspaperlists.com/croatia,Croatia
https://www.newspaperlists.com/denmark,Denmark
https://www.newspaperlists.com/djibouti,Djibouti
https://www.newspaperlists.com/dominica,Dominica
https://www.newspaperlists.com/dominican-republic,Dominican...
https://www.newspaperlists.com/ecuador,Ecuador
https://www.newspaperlists.com#,Egypt
https://www.newspaperlists.com/el-salvador,El Salvador
https://www.newspaperlists.com/equatorial-guinea,Equatorial...
https://www.newspaperlists.com/eritrea,Eritrea
https://www.newspaperlists.com/estonia,Estonia
https://www.newspaperlists.com/ethiopia,Ethiopia
https://www.newspaperlists.com/france,France
https://www.newspaperlists.com/fiji,Fiji
https://www.newspaperlists.com/finland,Finland
https://www.newspaperlists.com/falkland-islands,Falkland Is..
https://www.newspaperlists.com/gabon,Gabon
https://www.newspaperlists.com/gambia,Gambia
https://www.newspaperlists.com/germany,Germany
https://www.newspaperlists.com/georgia,Georgia
https://www.newspaperlists.com/ghana,Ghana
https://www.newspaperlists.com/greece,Greece
https://www.newspaperlists.com/grenada,Grenada
https://www.newspaperlists.com/guyana,Guyana
https://www.newspaperlists.com#,Guatemala
https://www.newspaperlists.com/guinea,Guinea
https://www.newspaperlists.com/guinea-bissau,Guinea Bissau
https://www.newspaperlists.com/haiti,Haiti
https://www.newspaperlists.com/hongkong,Hong Kong
https://www.newspaperlists.com/hungary,Hungary
https://www.newspaperlists.com/honduras,Honduras
https://www.newspaperlists.com/iceland,Iceland
https://www.newspaperlists.com#,India
https://www.newspaperlists.com/indonesia,Indonesia
https://www.newspaperlists.com/iran,Iran
https://www.newspaperlists.com#,Iraq
https://www.newspaperlists.com/israel,Israel
https://www.newspaperlists.com/ireland,Ireland
https://www.newspaperlists.com/italy,Italy
https://www.newspaperlists.com/ivory-coast,Ivory Coast
https://www.newspaperlists.com/jamaica,Jamaica
https://www.newspaperlists.com/japan,Japan
https://www.newspaperlists.com#,Jersey
https://www.newspaperlists.com/jordan,Jordan
https://www.newspaperlists.com/kazakhstan,Kazakhstan
https://www.newspaperlists.com/kuwait,Kuwait
https://www.newspaperlists.com/kenya,Kenya
https://www.newspaperlists.com/kiribati,Kiribati
https://www.newspaperlists.com/kyrgyzstan,Kyrgyzstan
https://www.newspaperlists.com/latvia,Latvia
https://www.newspaperlists.com/lesotho,Lesotho
https://www.newspaperlists.com/laos,Laos
https://www.newspaperlists.com/lebanon,Lebanon
https://www.newspaperlists.com/liberia,Liberia
https://www.newspaperlists.com/libya,Libya
https://www.newspaperlists.com#,Liechtenstein
https://www.newspaperlists.com/lithuania,Lithuania
https://www.newspaperlists.com/luxembourg,Luxembourg
https://www.newspaperlists.com/macedonia,Macedonia
https://www.newspaperlists.com/madagascar,Madagascar
https://www.newspaperlists.com/malawi,Malawi
https://www.newspaperlists.com#,Malaysia
https://www.newspaperlists.com/maldives,Maldives
https://www.newspaperlists.com/malta,Malta
https://www.newspaperlists.com/mali,Mali
https://www.newspaperlists.com/mexico,México
https://www.newspaperlists.com/monaco,Monaco
https://www.newspaperlists.com/mongolia,Mongolia
https://www.newspaperlists.com/montenegro,Montenegro
https://www.newspaperlists.com/morocco,Morocco
https://www.newspaperlists.com/mauritius,Mauritius
https://www.newspaperlists.com/myanmar,Myanmar
https://www.newspaperlists.com#,Mozambique
https://www.newspaperlists.com/micronesia,Micronesia
https://www.newspaperlists.com/moldova,Moldova
https://www.newspaperlists.com/namibia,Namibia
https://www.newspaperlists.com/nauru,Nauru
https://www.newspaperlists.com/netherlands,Netherlands
https://www.newspaperlists.com#,Nepal
https://www.newspaperlists.com/new-zealand,New Zealand
https://www.newspaperlists.com/nicaragua,Nicaragua
https://www.newspaperlists.com#,Nigeria
https://www.newspaperlists.com/niger,Niger
https://www.newspaperlists.com#,North Korea
https://www.newspaperlists.com/norway,Norway
https://www.newspaperlists.com/oman,Oman
https://www.newspaperlists.com#,Pakistan
https://www.newspaperlists.com/palau,Palau
https://www.newspaperlists.com/palestine,Palestine
https://www.newspaperlists.com/panama,Panama
https://www.newspaperlists.com/papua-new-guinea,Papua Ne..
https://www.newspaperlists.com/paraguay,Paraguay
https://www.newspaperlists.com/peru,Peru
https://www.newspaperlists.com#,Philippines
https://www.newspaperlists.com/poland,Poland
https://www.newspaperlists.com/portugal,Portugal
https://www.newspaperlists.com/qatar,Qatar
https://www.newspaperlists.com/romania,Romania
https://www.newspaperlists.com/russia,Russia
https://www.newspaperlists.com/rwanda,Rwanda
https://www.newspaperlists.com/saudi-arabia,Saudi Arabia
https://www.newspaperlists.com/saint-lucia,Saint Lucia
https://www.newspaperlists.com/senegal,Senegal
https://www.newspaperlists.com/singapore,Singapore
https://www.newspaperlists.com/serbia,Serbia
https://www.newspaperlists.com/slovenia,Slovenia
https://www.newspaperlists.com/slovakia,Slovakia
https://www.newspaperlists.com#,Sierra Leone
https://www.newspaperlists.com#,South Korea
https://www.newspaperlists.com/spain,Spain
https://www.newspaperlists.com#,Sri Lanka
https://www.newspaperlists.com/somalia,Somalia
https://www.newspaperlists.com#,South Africa
https://www.newspaperlists.com/sudan,Sudan
https://www.newspaperlists.com/sweden,Sweden
https://www.newspaperlists.com/switzerland,Switzerland
https://www.newspaperlists.com/syrian,Syrian
https://www.newspaperlists.com/taiwan,Taiwan
https://www.newspaperlists.com/tanzania,Tanzania
https://www.newspaperlists.com/tajikistan,Tajikistan
https://www.newspaperlists.com#,Thailand
https://www.newspaperlists.com/tonga,Tonga
https://www.newspaperlists.com/trinidad-tobago,Trinidad...
https://www.newspaperlists.com/tunisia,Tunisia
https://www.newspaperlists.com#,Turkey
https://www.newspaperlists.com/united-arab-emirates,UAE
https://www.newspaperlists.com/uganda,Uganda
https://www.newspaperlists.com/uk,UK
https://www.newspaperlists.com/ukraine,Ukraine
https://www.newspaperlists.com/uruguay,Uruguay
https://www.newspaperlists.com/uzbekistan,Uzbekistan
https://www.newspaperlists.com/vatican-city,Vatican City
https://www.newspaperlists.com/venezuela,Venezuela
https://www.newspaperlists.com/vietnam,VietNam
https://www.newspaperlists.com/vanuatu,Vanuatu
https://www.newspaperlists.com/western-sahara,Western S..
https://www.newspaperlists.com/zimbabwe,Zimbabwe
