Error occurred : 'NoneType' object has no attribute 'find_all'in line 208,https://www.funeralfinder.com/funeral-homes/states/KS/Arkansas City/,2024-05-09 15:26:33.258785
Error occurred : 'NoneType' object has no attribute 'find_all'in line 208,https://www.funeralfinder.com/funeral-homes/states/KS/Baldwin City/,2024-05-09 15:26:45.108709
Error occurred : 'NoneType' object has no attribute 'find_all'in line 208,https://www.funeralfinder.com/funeral-homes/states/KS/Baxter Springs/,2024-05-09 15:26:45.915199
Error occurred : 'NoneType' object has no attribute 'find_all'in line 208,https://www.funeralfinder.com/funeral-homes/states/KS/Blue Rapids/,2024-05-09 15:26:51.987483
Error occurred : 'NoneType' object has no attribute 'find_all'in line 208,https://www.funeralfinder.com/funeral-homes/states/KS/Bonner Springs/,2024-05-09 15:26:52.818349
Error occurred : 'NoneType' object has no attribute 'find_all'in line 208,https://www.funeralfinder.com/funeral-homes/states/KS/Cawker City/,2024-05-09 15:27:04.930309
Error occurred : 'NoneType' object has no attribute 'find_all'in line 208,https://www.funeralfinder.com/funeral-homes/states/KS/Clay Center/,2024-05-09 15:27:16.742561
Error occurred : 'NoneType' object has no attribute 'find_all'in line 208,https://www.funeralfinder.com/funeral-homes/states/KS/Conway Springs/,2024-05-09 15:27:41.813072
Error occurred : 'NoneType' object has no attribute 'find_all'in line 208,https://www.funeralfinder.com/funeral-homes/states/KS/Cottonwood Falls/,2024-05-09 15:27:42.663358
Error occurred : 'NoneType' object has no attribute 'find_all'in line 208,https://www.funeralfinder.com/funeral-homes/states/KS/Council Grove/,2024-05-09 15:27:43.468878
Error occurred : 'NoneType' object has no attribute 'find_all'in line 208,https://www.funeralfinder.com/funeral-homes/states/KS/De Soto/,2024-05-09 15:27:44.262886
Error occurred : 'NoneType' object has no attribute 'find_all'in line 208,https://www.funeralfinder.com/funeral-homes/states/KS/Dodge City/,2024-05-09 15:27:49.406417
Error occurred : 'NoneType' object has no attribute 'find_all'in line 208,https://www.funeralfinder.com/funeral-homes/states/KS/El Dorado/,2024-05-09 15:27:55.369758
Error occurred : 'NoneType' object has no attribute 'find_all'in line 208,https://www.funeralfinder.com/funeral-homes/states/KS/Fort Scott/,2024-05-09 15:28:10.689093
Error occurred : 'NoneType' object has no attribute 'find_all'in line 208,https://www.funeralfinder.com/funeral-homes/states/KS/Garden City/,2024-05-09 15:28:19.472791
Error occurred : 'NoneType' object has no attribute 'find_all'in line 208,https://www.funeralfinder.com/funeral-homes/states/KS/Garden Plain/,2024-05-09 15:28:20.348886
Error occurred : 'NoneType' object has no attribute 'find_all'in line 208,https://www.funeralfinder.com/funeral-homes/states/KS/Great Bend/,2024-05-09 15:28:33.572528
Error occurred : 'NoneType' object has no attribute 'find_all'in line 208,https://www.funeralfinder.com/funeral-homes/states/KS/Hill City/,2024-05-09 15:29:00.208418
Error occurred : 'NoneType' object has no attribute 'find_all'in line 208,https://www.funeralfinder.com/funeral-homes/states/KS/Junction City/,2024-05-09 15:29:37.590401
Error occurred : 'NoneType' object has no attribute 'find_all'in line 208,https://www.funeralfinder.com/funeral-homes/states/KS/Kansas City/,2024-05-09 15:29:38.358615
Error occurred : 'NoneType' object has no attribute 'find_all'in line 208,https://www.funeralfinder.com/funeral-homes/states/KS/La Crosse/,2024-05-09 15:29:46.565560
Error occurred : 'NoneType' object has no attribute 'find_all'in line 208,https://www.funeralfinder.com/funeral-homes/states/KS/La Cygne/,2024-05-09 15:29:47.731919
Error occurred : 'NoneType' object has no attribute 'find_all'in line 208,https://www.funeralfinder.com/funeral-homes/states/KS/Le Roy/,2024-05-09 15:29:58.120202
Error occurred : 'NoneType' object has no attribute 'find_all'in line 208,https://www.funeralfinder.com/funeral-homes/states/KS/Medicine Lodge/,2024-05-09 15:30:49.669423
Error occurred : 'NoneType' object has no attribute 'find_all'in line 208,https://www.funeralfinder.com/funeral-homes/states/KS/Mound City/,2024-05-09 15:30:59.760989
Error occurred : 'NoneType' object has no attribute 'find_all'in line 208,https://www.funeralfinder.com/funeral-homes/states/KS/Mount Hope/,2024-05-09 15:31:02.329291
Error occurred : 'NoneType' object has no attribute 'find_all'in line 208,https://www.funeralfinder.com/funeral-homes/states/KS/Ness City/,2024-05-09 15:31:08.283022
Error occurred : 'NoneType' object has no attribute 'find_all'in line 208,https://www.funeralfinder.com/funeral-homes/states/KS/Osage City/,2024-05-09 15:31:23.631998
Error occurred : 'NoneType' object has no attribute 'find_all'in line 208,https://www.funeralfinder.com/funeral-homes/states/KS/Overland Park/,2024-05-09 15:31:36.498821
Error occurred : 'NoneType' object has no attribute 'find_all'in line 208,https://www.funeralfinder.com/funeral-homes/states/KS/Saint Francis/,2024-05-09 15:32:10.527735
Error occurred : 'NoneType' object has no attribute 'find_all'in line 208,https://www.funeralfinder.com/funeral-homes/states/KS/Saint John/,2024-05-09 15:32:11.344855
Error occurred : 'NoneType' object has no attribute 'find_all'in line 208,https://www.funeralfinder.com/funeral-homes/states/KS/Saint Marys/,2024-05-09 15:32:12.280255
Error occurred : 'NoneType' object has no attribute 'find_all'in line 208,https://www.funeralfinder.com/funeral-homes/states/KS/Saint Paul/,2024-05-09 15:32:13.045961
Error occurred : 'NoneType' object has no attribute 'find_all'in line 208,https://www.funeralfinder.com/funeral-homes/states/KS/Scott City/,2024-05-09 15:32:22.090456
Error occurred : 'NoneType' object has no attribute 'find_all'in line 208,https://www.funeralfinder.com/funeral-homes/states/KS/Sharon Springs/,2024-05-09 15:32:30.127597
Error occurred : 'NoneType' object has no attribute 'find_all'in line 208,https://www.funeralfinder.com/funeral-homes/states/KS/Shawnee Mission/,2024-05-09 15:32:32.852341
Error occurred : 'NoneType' object has no attribute 'find_all'in line 208,https://www.funeralfinder.com/funeral-homes/states/KS/Smith Center/,2024-05-09 15:32:33.657389
Error occurred : 'NoneType' object has no attribute 'find_all'in line 208,https://www.funeralfinder.com/funeral-homes/states/KS/Spring Hill/,2024-05-09 15:32:36.241693
Error occurred : 'NoneType' object has no attribute 'find_all'in line 208,https://www.funeralfinder.com/funeral-homes/states/KS/Sylvan Grove/,2024-05-09 15:32:44.696475
Error occurred : 'NoneType' object has no attribute 'find_all'in line 208,https://www.funeralfinder.com/funeral-homes/states/KS/Valley Center/,2024-05-09 15:33:03.903830
Error occurred : 'NoneType' object has no attribute 'find_all'in line 208,https://www.funeralfinder.com/funeral-homes/states/KS/Valley Falls/,2024-05-09 15:33:04.685074
Error occurred : 'NoneType' object has no attribute 'find_all'in line 208,https://www.funeralfinder.com/funeral-homes/states/KS/Wa Keeney/,2024-05-09 15:33:07.235763
Error occurred : 'NoneType' object has no attribute 'find_all'in line 208,https://www.funeralfinder.com/funeral-homes/states/KS/Yates Center/,2024-05-09 15:33:49.016311
Error occurred : 'NoneType' object has no attribute 'find_all'in line 186,https://www.funeralfinder.com/funeral-homes/states/DC/Washington/,2024-05-09 18:11:09.253870
Error occurred : 'NoneType' object has no attribute 'find_all'in line 217,https://www.funeralfinder.com/funeral-homes/states/IA//,2024-05-09 19:14:49.528982
"Error occurred : ('Connection aborted.', TimeoutError(10060, 'A connection attempt failed because the connected party did not properly respond after a period of time, or established connection failed because connected host has failed to respond', None, 10060, None))in line 206",https://www.funeralfinder.com/funeral-homes/states/KS/Lawrence/,2024-05-09 19:29:46.287945
"Error occurred : HTTPSConnectionPool(host='www.funeralfinder.com', port=443): Max retries exceeded with url: /funeral-homes/states/KS/Le%20Roy/ (Caused by NewConnectionError('<urllib3.connection.HTTPSConnection object at 0x044BA5D0>: Failed to establish a new connection: [Errno 11001] getaddrinfo failed'))in line 206",https://www.funeralfinder.com/funeral-homes/states/KS/Le Roy/,2024-05-09 19:29:58.311806
"Error occurred : HTTPSConnectionPool(host='www.funeralfinder.com', port=443): Max retries exceeded with url: /funeral-homes/states/KS/Leavenworth/ (Caused by NewConnectionError('<urllib3.connection.HTTPSConnection object at 0x01103D30>: Failed to establish a new connection: [Errno 11001] getaddrinfo failed'))in line 206",https://www.funeralfinder.com/funeral-homes/states/KS/Leavenworth/,2024-05-09 19:30:10.369574
"Error occurred : HTTPSConnectionPool(host='www.funeralfinder.com', port=443): Max retries exceeded with url: /funeral-homes/states/KS/Lebo/ (Caused by NewConnectionError('<urllib3.connection.HTTPSConnection object at 0x012A9990>: Failed to establish a new connection: [Errno 11001] getaddrinfo failed'))in line 206",https://www.funeralfinder.com/funeral-homes/states/KS/Lebo/,2024-05-09 19:30:18.420450
"Error occurred : HTTPSConnectionPool(host='www.funeralfinder.com', port=443): Max retries exceeded with url: /funeral-homes/states/KS/Lenexa/ (Caused by NewConnectionError('<urllib3.connection.HTTPSConnection object at 0x01103D30>: Failed to establish a new connection: [Errno 11001] getaddrinfo failed'))in line 206",https://www.funeralfinder.com/funeral-homes/states/KS/Lenexa/,2024-05-09 19:30:18.425449
"Error occurred : HTTPSConnectionPool(host='www.funeralfinder.com', port=443): Max retries exceeded with url: /funeral-homes/states/KS/Leoti/ (Caused by NewConnectionError('<urllib3.connection.HTTPSConnection object at 0x044BA810>: Failed to establish a new connection: [Errno 11001] getaddrinfo failed'))in line 206",https://www.funeralfinder.com/funeral-homes/states/KS/Leoti/,2024-05-09 19:30:18.431444
"Error occurred : HTTPSConnectionPool(host='www.funeralfinder.com', port=443): Max retries exceeded with url: /funeral-homes/states/KS/Liberal/ (Caused by NewConnectionError('<urllib3.connection.HTTPSConnection object at 0x0468E3F0>: Failed to establish a new connection: [Errno 11001] getaddrinfo failed'))in line 206",https://www.funeralfinder.com/funeral-homes/states/KS/Liberal/,2024-05-09 19:30:18.435443
"Error occurred : HTTPSConnectionPool(host='www.funeralfinder.com', port=443): Max retries exceeded with url: /funeral-homes/states/KS/Lincoln/ (Caused by NewConnectionError('<urllib3.connection.HTTPSConnection object at 0x012A9110>: Failed to establish a new connection: [Errno 11001] getaddrinfo failed'))in line 206",https://www.funeralfinder.com/funeral-homes/states/KS/Lincoln/,2024-05-09 19:30:18.438439
"Error occurred : HTTPSConnectionPool(host='www.funeralfinder.com', port=443): Max retries exceeded with url: /funeral-homes/states/KS/Lindsborg/ (Caused by NewConnectionError('<urllib3.connection.HTTPSConnection object at 0x012A90D0>: Failed to establish a new connection: [Errno 11001] getaddrinfo failed'))in line 206",https://www.funeralfinder.com/funeral-homes/states/KS/Lindsborg/,2024-05-09 19:30:18.441437
"Error occurred : HTTPSConnectionPool(host='www.funeralfinder.com', port=443): Max retries exceeded with url: /funeral-homes/states/KS/Linn/ (Caused by NewConnectionError('<urllib3.connection.HTTPSConnection object at 0x012A9BB0>: Failed to establish a new connection: [Errno 11001] getaddrinfo failed'))in line 206",https://www.funeralfinder.com/funeral-homes/states/KS/Linn/,2024-05-09 19:30:18.445438
"Error occurred : HTTPSConnectionPool(host='www.funeralfinder.com', port=443): Max retries exceeded with url: /funeral-homes/states/KS/Logan/ (Caused by NewConnectionError('<urllib3.connection.HTTPSConnection object at 0x0468E310>: Failed to establish a new connection: [Errno 11001] getaddrinfo failed'))in line 206",https://www.funeralfinder.com/funeral-homes/states/KS/Logan/,2024-05-09 19:30:18.449435
"Error occurred : HTTPSConnectionPool(host='www.funeralfinder.com', port=443): Max retries exceeded with url: /funeral-homes/states/KS/Louisburg/ (Caused by NewConnectionError('<urllib3.connection.HTTPSConnection object at 0x01103E70>: Failed to establish a new connection: [Errno 11001] getaddrinfo failed'))in line 206",https://www.funeralfinder.com/funeral-homes/states/KS/Louisburg/,2024-05-09 19:30:18.453432
"Error occurred : HTTPSConnectionPool(host='www.funeralfinder.com', port=443): Max retries exceeded with url: /funeral-homes/states/KS/Lucas/ (Caused by NewConnectionError('<urllib3.connection.HTTPSConnection object at 0x01103FB0>: Failed to establish a new connection: [Errno 11001] getaddrinfo failed'))in line 206",https://www.funeralfinder.com/funeral-homes/states/KS/Lucas/,2024-05-09 19:30:18.456428
"Error occurred : HTTPSConnectionPool(host='www.funeralfinder.com', port=443): Max retries exceeded with url: /funeral-homes/states/KS/Luray/ (Caused by NewConnectionError('<urllib3.connection.HTTPSConnection object at 0x012A93F0>: Failed to establish a new connection: [Errno 11001] getaddrinfo failed'))in line 206",https://www.funeralfinder.com/funeral-homes/states/KS/Luray/,2024-05-09 19:30:18.459429
"Error occurred : HTTPSConnectionPool(host='www.funeralfinder.com', port=443): Max retries exceeded with url: /funeral-homes/states/KS/Lyndon/ (Caused by NewConnectionError('<urllib3.connection.HTTPSConnection object at 0x012A9C50>: Failed to establish a new connection: [Errno 11001] getaddrinfo failed'))in line 206",https://www.funeralfinder.com/funeral-homes/states/KS/Lyndon/,2024-05-09 19:30:18.463426
"Error occurred : HTTPSConnectionPool(host='www.funeralfinder.com', port=443): Max retries exceeded with url: /funeral-homes/states/KS/Lyons/ (Caused by NewConnectionError('<urllib3.connection.HTTPSConnection object at 0x01103D50>: Failed to establish a new connection: [Errno 11001] getaddrinfo failed'))in line 206",https://www.funeralfinder.com/funeral-homes/states/KS/Lyons/,2024-05-09 19:30:18.467426
"Error occurred : HTTPSConnectionPool(host='www.funeralfinder.com', port=443): Max retries exceeded with url: /funeral-homes/states/KS/Macksville/ (Caused by NewConnectionError('<urllib3.connection.HTTPSConnection object at 0x044BAA50>: Failed to establish a new connection: [Errno 11001] getaddrinfo failed'))in line 206",https://www.funeralfinder.com/funeral-homes/states/KS/Macksville/,2024-05-09 19:30:18.472419
"Error occurred : HTTPSConnectionPool(host='www.funeralfinder.com', port=443): Max retries exceeded with url: /funeral-homes/states/KS/Madison/ (Caused by NewConnectionError('<urllib3.connection.HTTPSConnection object at 0x0468E710>: Failed to establish a new connection: [Errno 11001] getaddrinfo failed'))in line 206",https://www.funeralfinder.com/funeral-homes/states/KS/Madison/,2024-05-09 19:30:18.476436
"Error occurred : HTTPSConnectionPool(host='www.funeralfinder.com', port=443): Max retries exceeded with url: /funeral-homes/states/KS/Manhattan/ (Caused by NewConnectionError('<urllib3.connection.HTTPSConnection object at 0x012A9110>: Failed to establish a new connection: [Errno 11001] getaddrinfo failed'))in line 206",https://www.funeralfinder.com/funeral-homes/states/KS/Manhattan/,2024-05-09 19:30:18.480435
"Error occurred : HTTPSConnectionPool(host='www.funeralfinder.com', port=443): Max retries exceeded with url: /funeral-homes/states/KS/Mankato/ (Caused by NewConnectionError('<urllib3.connection.HTTPSConnection object at 0x012A90D0>: Failed to establish a new connection: [Errno 11001] getaddrinfo failed'))in line 206",https://www.funeralfinder.com/funeral-homes/states/KS/Mankato/,2024-05-09 19:30:18.485415
"Error occurred : HTTPSConnectionPool(host='www.funeralfinder.com', port=443): Max retries exceeded with url: /funeral-homes/states/KS/Marion/ (Caused by NewConnectionError('<urllib3.connection.HTTPSConnection object at 0x012A9430>: Failed to establish a new connection: [Errno 11001] getaddrinfo failed'))in line 206",https://www.funeralfinder.com/funeral-homes/states/KS/Marion/,2024-05-09 19:30:18.487412
"Error occurred : HTTPSConnectionPool(host='www.funeralfinder.com', port=443): Max retries exceeded with url: /funeral-homes/states/KS/Marysville/ (Caused by NewConnectionError('<urllib3.connection.HTTPSConnection object at 0x0459E9B0>: Failed to establish a new connection: [Errno 11001] getaddrinfo failed'))in line 206",https://www.funeralfinder.com/funeral-homes/states/KS/Marysville/,2024-05-09 19:30:18.491410
"Error occurred : HTTPSConnectionPool(host='www.funeralfinder.com', port=443): Max retries exceeded with url: /funeral-homes/states/KS/McPherson/ (Caused by NewConnectionError('<urllib3.connection.HTTPSConnection object at 0x0468D050>: Failed to establish a new connection: [Errno 11001] getaddrinfo failed'))in line 206",https://www.funeralfinder.com/funeral-homes/states/KS/McPherson/,2024-05-09 19:30:18.494407
"Error occurred : HTTPSConnectionPool(host='www.funeralfinder.com', port=443): Max retries exceeded with url: /funeral-homes/states/KS/Meade/ (Caused by NewConnectionError('<urllib3.connection.HTTPSConnection object at 0x01103D30>: Failed to establish a new connection: [Errno 11001] getaddrinfo failed'))in line 206",https://www.funeralfinder.com/funeral-homes/states/KS/Meade/,2024-05-09 19:30:18.497404
"Error occurred : HTTPSConnectionPool(host='www.funeralfinder.com', port=443): Max retries exceeded with url: /funeral-homes/states/KS/Medicine%20Lodge/ (Caused by NewConnectionError('<urllib3.connection.HTTPSConnection object at 0x0129F050>: Failed to establish a new connection: [Errno 11001] getaddrinfo failed'))in line 206",https://www.funeralfinder.com/funeral-homes/states/KS/Medicine Lodge/,2024-05-09 19:30:18.501806
"Error occurred : HTTPSConnectionPool(host='www.funeralfinder.com', port=443): Max retries exceeded with url: /funeral-homes/states/KS/Miltonvale/ (Caused by NewConnectionError('<urllib3.connection.HTTPSConnection object at 0x012A9090>: Failed to establish a new connection: [Errno 11001] getaddrinfo failed'))in line 206",https://www.funeralfinder.com/funeral-homes/states/KS/Miltonvale/,2024-05-09 19:30:18.504829
"Error occurred : HTTPSConnectionPool(host='www.funeralfinder.com', port=443): Max retries exceeded with url: /funeral-homes/states/KS/Minneapolis/ (Caused by NewConnectionError('<urllib3.connection.HTTPSConnection object at 0x012A9FF0>: Failed to establish a new connection: [Errno 11001] getaddrinfo failed'))in line 206",https://www.funeralfinder.com/funeral-homes/states/KS/Minneapolis/,2024-05-09 19:30:18.508557
"Error occurred : HTTPSConnectionPool(host='www.funeralfinder.com', port=443): Max retries exceeded with url: /funeral-homes/states/KS/Montezuma/ (Caused by NewConnectionError('<urllib3.connection.HTTPSConnection object at 0x0129F290>: Failed to establish a new connection: [Errno 11001] getaddrinfo failed'))in line 206",https://www.funeralfinder.com/funeral-homes/states/KS/Montezuma/,2024-05-09 19:30:18.511577
"Error occurred : HTTPSConnectionPool(host='www.funeralfinder.com', port=443): Max retries exceeded with url: /funeral-homes/states/KS/Moran/ (Caused by NewConnectionError('<urllib3.connection.HTTPSConnection object at 0x044BA830>: Failed to establish a new connection: [Errno 11001] getaddrinfo failed'))in line 206",https://www.funeralfinder.com/funeral-homes/states/KS/Moran/,2024-05-09 19:30:18.515557
"Error occurred : HTTPSConnectionPool(host='www.funeralfinder.com', port=443): Max retries exceeded with url: /funeral-homes/states/KS/Mound%20City/ (Caused by NewConnectionError('<urllib3.connection.HTTPSConnection object at 0x01103C70>: Failed to establish a new connection: [Errno 11001] getaddrinfo failed'))in line 206",https://www.funeralfinder.com/funeral-homes/states/KS/Mound City/,2024-05-09 19:30:18.519593
"Error occurred : HTTPSConnectionPool(host='www.funeralfinder.com', port=443): Max retries exceeded with url: /funeral-homes/states/KS/Moundridge/ (Caused by NewConnectionError('<urllib3.connection.HTTPSConnection object at 0x0459E550>: Failed to establish a new connection: [Errno 11001] getaddrinfo failed'))in line 206",https://www.funeralfinder.com/funeral-homes/states/KS/Moundridge/,2024-05-09 19:30:18.523551
"Error occurred : HTTPSConnectionPool(host='www.funeralfinder.com', port=443): Max retries exceeded with url: /funeral-homes/states/KS/Mount%20Hope/ (Caused by NewConnectionError('<urllib3.connection.HTTPSConnection object at 0x012A9550>: Failed to establish a new connection: [Errno 11001] getaddrinfo failed'))in line 206",https://www.funeralfinder.com/funeral-homes/states/KS/Mount Hope/,2024-05-09 19:30:18.526549
"Error occurred : HTTPSConnectionPool(host='www.funeralfinder.com', port=443): Max retries exceeded with url: /funeral-homes/states/KS/Mulvane/ (Caused by NewConnectionError('<urllib3.connection.HTTPSConnection object at 0x012A9610>: Failed to establish a new connection: [Errno 11001] getaddrinfo failed'))in line 206",https://www.funeralfinder.com/funeral-homes/states/KS/Mulvane/,2024-05-09 19:30:18.529547
"Error occurred : HTTPSConnectionPool(host='www.funeralfinder.com', port=443): Max retries exceeded with url: /funeral-homes/states/KS/Natoma/ (Caused by NewConnectionError('<urllib3.connection.HTTPSConnection object at 0x01103D90>: Failed to establish a new connection: [Errno 11001] getaddrinfo failed'))in line 206",https://www.funeralfinder.com/funeral-homes/states/KS/Natoma/,2024-05-09 19:30:18.533803
"Error occurred : HTTPSConnectionPool(host='www.funeralfinder.com', port=443): Max retries exceeded with url: /funeral-homes/states/KS/Neodesha/ (Caused by NewConnectionError('<urllib3.connection.HTTPSConnection object at 0x01103D70>: Failed to establish a new connection: [Errno 11001] getaddrinfo failed'))in line 206",https://www.funeralfinder.com/funeral-homes/states/KS/Neodesha/,2024-05-09 19:30:18.537803
"Error occurred : HTTPSConnectionPool(host='www.funeralfinder.com', port=443): Max retries exceeded with url: /funeral-homes/states/KS/Ness%20City/ (Caused by NewConnectionError('<urllib3.connection.HTTPSConnection object at 0x0468E3F0>: Failed to establish a new connection: [Errno 11001] getaddrinfo failed'))in line 206",https://www.funeralfinder.com/funeral-homes/states/KS/Ness City/,2024-05-09 19:30:18.540812
"Error occurred : HTTPSConnectionPool(host='www.funeralfinder.com', port=443): Max retries exceeded with url: /funeral-homes/states/KS/Newton/ (Caused by NewConnectionError('<urllib3.connection.HTTPSConnection object at 0x0129F290>: Failed to establish a new connection: [Errno 11001] getaddrinfo failed'))in line 206",https://www.funeralfinder.com/funeral-homes/states/KS/Newton/,2024-05-09 19:30:18.543803
"Error occurred : HTTPSConnectionPool(host='www.funeralfinder.com', port=443): Max retries exceeded with url: /funeral-homes/states/KS/Norton/ (Caused by NewConnectionError('<urllib3.connection.HTTPSConnection object at 0x012A9430>: Failed to establish a new connection: [Errno 11001] getaddrinfo failed'))in line 206",https://www.funeralfinder.com/funeral-homes/states/KS/Norton/,2024-05-09 19:30:18.548800
"Error occurred : HTTPSConnectionPool(host='www.funeralfinder.com', port=443): Max retries exceeded with url: /funeral-homes/states/KS/Nortonville/ (Caused by NewConnectionError('<urllib3.connection.HTTPSConnection object at 0x012A9C30>: Failed to establish a new connection: [Errno 11001] getaddrinfo failed'))in line 206",https://www.funeralfinder.com/funeral-homes/states/KS/Nortonville/,2024-05-09 19:30:18.552026
"Error occurred : HTTPSConnectionPool(host='www.funeralfinder.com', port=443): Max retries exceeded with url: /funeral-homes/states/KS/Oakley/ (Caused by NewConnectionError('<urllib3.connection.HTTPSConnection object at 0x012B08F0>: Failed to establish a new connection: [Errno 11001] getaddrinfo failed'))in line 206",https://www.funeralfinder.com/funeral-homes/states/KS/Oakley/,2024-05-09 19:30:18.556046
"Error occurred : HTTPSConnectionPool(host='www.funeralfinder.com', port=443): Max retries exceeded with url: /funeral-homes/states/KS/Oberlin/ (Caused by NewConnectionError('<urllib3.connection.HTTPSConnection object at 0x012CD230>: Failed to establish a new connection: [Errno 11001] getaddrinfo failed'))in line 206",https://www.funeralfinder.com/funeral-homes/states/KS/Oberlin/,2024-05-09 19:30:18.559039
"Error occurred : HTTPSConnectionPool(host='www.funeralfinder.com', port=443): Max retries exceeded with url: /funeral-homes/states/KS/Olathe/ (Caused by NewConnectionError('<urllib3.connection.HTTPSConnection object at 0x0459E550>: Failed to establish a new connection: [Errno 11001] getaddrinfo failed'))in line 206",https://www.funeralfinder.com/funeral-homes/states/KS/Olathe/,2024-05-09 19:30:18.565021
"Error occurred : HTTPSConnectionPool(host='www.funeralfinder.com', port=443): Max retries exceeded with url: /funeral-homes/states/KS/Osage%20City/ (Caused by NewConnectionError('<urllib3.connection.HTTPSConnection object at 0x0459ECF0>: Failed to establish a new connection: [Errno 11001] getaddrinfo failed'))in line 206",https://www.funeralfinder.com/funeral-homes/states/KS/Osage City/,2024-05-09 19:30:18.569018
"Error occurred : HTTPSConnectionPool(host='www.funeralfinder.com', port=443): Max retries exceeded with url: /funeral-homes/states/KS/Osawatomie/ (Caused by NewConnectionError('<urllib3.connection.HTTPSConnection object at 0x0459E130>: Failed to establish a new connection: [Errno 11001] getaddrinfo failed'))in line 206",https://www.funeralfinder.com/funeral-homes/states/KS/Osawatomie/,2024-05-09 19:30:18.572046
"Error occurred : HTTPSConnectionPool(host='www.funeralfinder.com', port=443): Max retries exceeded with url: /funeral-homes/states/KS/Osborne/ (Caused by NewConnectionError('<urllib3.connection.HTTPSConnection object at 0x0459EEB0>: Failed to establish a new connection: [Errno 11001] getaddrinfo failed'))in line 206",https://www.funeralfinder.com/funeral-homes/states/KS/Osborne/,2024-05-09 19:30:18.575017
"Error occurred : HTTPSConnectionPool(host='www.funeralfinder.com', port=443): Max retries exceeded with url: /funeral-homes/states/KS/Oskaloosa/ (Caused by NewConnectionError('<urllib3.connection.HTTPSConnection object at 0x0459EE90>: Failed to establish a new connection: [Errno 11001] getaddrinfo failed'))in line 206",https://www.funeralfinder.com/funeral-homes/states/KS/Oskaloosa/,2024-05-09 19:30:18.579012
"Error occurred : HTTPSConnectionPool(host='www.funeralfinder.com', port=443): Max retries exceeded with url: /funeral-homes/states/KS/Oswego/ (Caused by NewConnectionError('<urllib3.connection.HTTPSConnection object at 0x0459E990>: Failed to establish a new connection: [Errno 11001] getaddrinfo failed'))in line 206",https://www.funeralfinder.com/funeral-homes/states/KS/Oswego/,2024-05-09 19:30:18.583012
"Error occurred : HTTPSConnectionPool(host='www.funeralfinder.com', port=443): Max retries exceeded with url: /funeral-homes/states/KS/Ottawa/ (Caused by NewConnectionError('<urllib3.connection.HTTPSConnection object at 0x0459EC30>: Failed to establish a new connection: [Errno 11001] getaddrinfo failed'))in line 206",https://www.funeralfinder.com/funeral-homes/states/KS/Ottawa/,2024-05-09 19:30:18.586827
"Error occurred : HTTPSConnectionPool(host='www.funeralfinder.com', port=443): Max retries exceeded with url: /funeral-homes/states/KS/Overbrook/ (Caused by NewConnectionError('<urllib3.connection.HTTPSConnection object at 0x040387B0>: Failed to establish a new connection: [Errno 11001] getaddrinfo failed'))in line 206",https://www.funeralfinder.com/funeral-homes/states/KS/Overbrook/,2024-05-09 19:30:18.589842
"Error occurred : HTTPSConnectionPool(host='www.funeralfinder.com', port=443): Max retries exceeded with url: /funeral-homes/states/KS/Overland%20Park/ (Caused by NewConnectionError('<urllib3.connection.HTTPSConnection object at 0x012B0530>: Failed to establish a new connection: [Errno 11001] getaddrinfo failed'))in line 206",https://www.funeralfinder.com/funeral-homes/states/KS/Overland Park/,2024-05-09 19:30:18.593826
"Error occurred : HTTPSConnectionPool(host='www.funeralfinder.com', port=443): Max retries exceeded with url: /funeral-homes/states/KS/Oxford/ (Caused by NewConnectionError('<urllib3.connection.HTTPSConnection object at 0x03FD50B0>: Failed to establish a new connection: [Errno 11001] getaddrinfo failed'))in line 206",https://www.funeralfinder.com/funeral-homes/states/KS/Oxford/,2024-05-09 19:30:18.596825
"Error occurred : HTTPSConnectionPool(host='www.funeralfinder.com', port=443): Max retries exceeded with url: /funeral-homes/states/KS/Paola/ (Caused by NewConnectionError('<urllib3.connection.HTTPSConnection object at 0x012A32B0>: Failed to establish a new connection: [Errno 11001] getaddrinfo failed'))in line 206",https://www.funeralfinder.com/funeral-homes/states/KS/Paola/,2024-05-09 19:30:18.600822
"Error occurred : HTTPSConnectionPool(host='www.funeralfinder.com', port=443): Max retries exceeded with url: /funeral-homes/states/KS/Parsons/ (Caused by NewConnectionError('<urllib3.connection.HTTPSConnection object at 0x010EF150>: Failed to establish a new connection: [Errno 11001] getaddrinfo failed'))in line 206",https://www.funeralfinder.com/funeral-homes/states/KS/Parsons/,2024-05-09 19:30:18.603834
"Error occurred : HTTPSConnectionPool(host='www.funeralfinder.com', port=443): Max retries exceeded with url: /funeral-homes/states/KS/Peabody/ (Caused by NewConnectionError('<urllib3.connection.HTTPSConnection object at 0x0459ED70>: Failed to establish a new connection: [Errno 11001] getaddrinfo failed'))in line 206",https://www.funeralfinder.com/funeral-homes/states/KS/Peabody/,2024-05-09 19:30:18.613814
"Error occurred : HTTPSConnectionPool(host='www.funeralfinder.com', port=443): Max retries exceeded with url: /funeral-homes/states/KS/Phillipsburg/ (Caused by NewConnectionError('<urllib3.connection.HTTPSConnection object at 0x0459EFD0>: Failed to establish a new connection: [Errno 11001] getaddrinfo failed'))in line 206",https://www.funeralfinder.com/funeral-homes/states/KS/Phillipsburg/,2024-05-09 19:30:18.620810
"Error occurred : HTTPSConnectionPool(host='www.funeralfinder.com', port=443): Max retries exceeded with url: /funeral-homes/states/KS/Pittsburg/ (Caused by NewConnectionError('<urllib3.connection.HTTPSConnection object at 0x0459E350>: Failed to establish a new connection: [Errno 11001] getaddrinfo failed'))in line 206",https://www.funeralfinder.com/funeral-homes/states/KS/Pittsburg/,2024-05-09 19:30:18.626807
"Error occurred : HTTPSConnectionPool(host='www.funeralfinder.com', port=443): Max retries exceeded with url: /funeral-homes/states/KS/Plainville/ (Caused by NewConnectionError('<urllib3.connection.HTTPSConnection object at 0x03FD5ED0>: Failed to establish a new connection: [Errno 11001] getaddrinfo failed'))in line 206",https://www.funeralfinder.com/funeral-homes/states/KS/Plainville/,2024-05-09 19:30:18.630804
"Error occurred : HTTPSConnectionPool(host='www.funeralfinder.com', port=443): Max retries exceeded with url: /funeral-homes/states/KS/Pleasanton/ (Caused by NewConnectionError('<urllib3.connection.HTTPSConnection object at 0x0459EBF0>: Failed to establish a new connection: [Errno 11001] getaddrinfo failed'))in line 206",https://www.funeralfinder.com/funeral-homes/states/KS/Pleasanton/,2024-05-09 19:30:18.635801
"Error occurred : HTTPSConnectionPool(host='www.funeralfinder.com', port=443): Max retries exceeded with url: /funeral-homes/states/KS/Pratt/ (Caused by NewConnectionError('<urllib3.connection.HTTPSConnection object at 0x0459E450>: Failed to establish a new connection: [Errno 11001] getaddrinfo failed'))in line 206",https://www.funeralfinder.com/funeral-homes/states/KS/Pratt/,2024-05-09 19:30:18.638814
"Error occurred : HTTPSConnectionPool(host='www.funeralfinder.com', port=443): Max retries exceeded with url: /funeral-homes/states/KS/Quinter/ (Caused by NewConnectionError('<urllib3.connection.HTTPSConnection object at 0x0459EDD0>: Failed to establish a new connection: [Errno 11001] getaddrinfo failed'))in line 206",https://www.funeralfinder.com/funeral-homes/states/KS/Quinter/,2024-05-09 19:30:18.643799
"Error occurred : HTTPSConnectionPool(host='www.funeralfinder.com', port=443): Max retries exceeded with url: /funeral-homes/states/KS/Riley/ (Caused by NewConnectionError('<urllib3.connection.HTTPSConnection object at 0x04038210>: Failed to establish a new connection: [Errno 11001] getaddrinfo failed'))in line 206",https://www.funeralfinder.com/funeral-homes/states/KS/Riley/,2024-05-09 19:30:18.648797
"Error occurred : HTTPSConnectionPool(host='www.funeralfinder.com', port=443): Max retries exceeded with url: /funeral-homes/states/KS/Rossville/ (Caused by NewConnectionError('<urllib3.connection.HTTPSConnection object at 0x012CD190>: Failed to establish a new connection: [Errno 11001] getaddrinfo failed'))in line 206",https://www.funeralfinder.com/funeral-homes/states/KS/Rossville/,2024-05-09 19:30:18.651794
"Error occurred : HTTPSConnectionPool(host='www.funeralfinder.com', port=443): Max retries exceeded with url: /funeral-homes/states/KS/Russell/ (Caused by NewConnectionError('<urllib3.connection.HTTPSConnection object at 0x0129FCD0>: Failed to establish a new connection: [Errno 11001] getaddrinfo failed'))in line 206",https://www.funeralfinder.com/funeral-homes/states/KS/Russell/,2024-05-09 19:30:18.655790
"Error occurred : HTTPSConnectionPool(host='www.funeralfinder.com', port=443): Max retries exceeded with url: /funeral-homes/states/KS/Sabetha/ (Caused by NewConnectionError('<urllib3.connection.HTTPSConnection object at 0x0109C830>: Failed to establish a new connection: [Errno 11001] getaddrinfo failed'))in line 206",https://www.funeralfinder.com/funeral-homes/states/KS/Sabetha/,2024-05-09 19:30:18.658789
"Error occurred : HTTPSConnectionPool(host='www.funeralfinder.com', port=443): Max retries exceeded with url: /funeral-homes/states/KS/Saint%20Francis/ (Caused by NewConnectionError('<urllib3.connection.HTTPSConnection object at 0x04038F70>: Failed to establish a new connection: [Errno 11001] getaddrinfo failed'))in line 206",https://www.funeralfinder.com/funeral-homes/states/KS/Saint Francis/,2024-05-09 19:30:18.661786
"Error occurred : HTTPSConnectionPool(host='www.funeralfinder.com', port=443): Max retries exceeded with url: /funeral-homes/states/KS/Saint%20John/ (Caused by NewConnectionError('<urllib3.connection.HTTPSConnection object at 0x0459E8B0>: Failed to establish a new connection: [Errno 11001] getaddrinfo failed'))in line 206",https://www.funeralfinder.com/funeral-homes/states/KS/Saint John/,2024-05-09 19:30:18.665788
"Error occurred : HTTPSConnectionPool(host='www.funeralfinder.com', port=443): Max retries exceeded with url: /funeral-homes/states/KS/Saint%20Marys/ (Caused by NewConnectionError('<urllib3.connection.HTTPSConnection object at 0x0459ED50>: Failed to establish a new connection: [Errno 11001] getaddrinfo failed'))in line 206",https://www.funeralfinder.com/funeral-homes/states/KS/Saint Marys/,2024-05-09 19:30:18.670781
"Error occurred : HTTPSConnectionPool(host='www.funeralfinder.com', port=443): Max retries exceeded with url: /funeral-homes/states/KS/Saint%20Paul/ (Caused by NewConnectionError('<urllib3.connection.HTTPSConnection object at 0x0459E950>: Failed to establish a new connection: [Errno 11001] getaddrinfo failed'))in line 206",https://www.funeralfinder.com/funeral-homes/states/KS/Saint Paul/,2024-05-09 19:30:18.673779
"Error occurred : HTTPSConnectionPool(host='www.funeralfinder.com', port=443): Max retries exceeded with url: /funeral-homes/states/KS/Salina/ (Caused by NewConnectionError('<urllib3.connection.HTTPSConnection object at 0x03FD5770>: Failed to establish a new connection: [Errno 11001] getaddrinfo failed'))in line 206",https://www.funeralfinder.com/funeral-homes/states/KS/Salina/,2024-05-09 19:30:18.678779
"Error occurred : HTTPSConnectionPool(host='www.funeralfinder.com', port=443): Max retries exceeded with url: /funeral-homes/states/KS/Scandia/ (Caused by NewConnectionError('<urllib3.connection.HTTPSConnection object at 0x0459EF10>: Failed to establish a new connection: [Errno 11001] getaddrinfo failed'))in line 206",https://www.funeralfinder.com/funeral-homes/states/KS/Scandia/,2024-05-09 19:30:18.682778
"Error occurred : HTTPSConnectionPool(host='www.funeralfinder.com', port=443): Max retries exceeded with url: /funeral-homes/states/KS/Scott%20City/ (Caused by NewConnectionError('<urllib3.connection.HTTPSConnection object at 0x0459ED90>: Failed to establish a new connection: [Errno 11001] getaddrinfo failed'))in line 206",https://www.funeralfinder.com/funeral-homes/states/KS/Scott City/,2024-05-09 19:30:18.687772
"Error occurred : HTTPSConnectionPool(host='www.funeralfinder.com', port=443): Max retries exceeded with url: /funeral-homes/states/KS/Sedan/ (Caused by NewConnectionError('<urllib3.connection.HTTPSConnection object at 0x0459E230>: Failed to establish a new connection: [Errno 11001] getaddrinfo failed'))in line 206",https://www.funeralfinder.com/funeral-homes/states/KS/Sedan/,2024-05-09 19:30:18.692769
"Error occurred : HTTPSConnectionPool(host='www.funeralfinder.com', port=443): Max retries exceeded with url: /funeral-homes/states/KS/Selden/ (Caused by NewConnectionError('<urllib3.connection.HTTPSConnection object at 0x04038190>: Failed to establish a new connection: [Errno 11001] getaddrinfo failed'))in line 206",https://www.funeralfinder.com/funeral-homes/states/KS/Selden/,2024-05-09 19:30:18.697766
"Error occurred : HTTPSConnectionPool(host='www.funeralfinder.com', port=443): Max retries exceeded with url: /funeral-homes/states/KS/Seneca/ (Caused by NewConnectionError('<urllib3.connection.HTTPSConnection object at 0x012CD730>: Failed to establish a new connection: [Errno 11001] getaddrinfo failed'))in line 206",https://www.funeralfinder.com/funeral-homes/states/KS/Seneca/,2024-05-09 19:30:18.701763
"Error occurred : HTTPSConnectionPool(host='www.funeralfinder.com', port=443): Max retries exceeded with url: /funeral-homes/states/KS/Sharon%20Springs/ (Caused by NewConnectionError('<urllib3.connection.HTTPSConnection object at 0x03FD5630>: Failed to establish a new connection: [Errno 11001] getaddrinfo failed'))in line 206",https://www.funeralfinder.com/funeral-homes/states/KS/Sharon Springs/,2024-05-09 19:30:18.705762
"Error occurred : HTTPSConnectionPool(host='www.funeralfinder.com', port=443): Max retries exceeded with url: /funeral-homes/states/KS/Shawnee/ (Caused by NewConnectionError('<urllib3.connection.HTTPSConnection object at 0x04534630>: Failed to establish a new connection: [Errno 11001] getaddrinfo failed'))in line 206",https://www.funeralfinder.com/funeral-homes/states/KS/Shawnee/,2024-05-09 19:30:18.708761
"Error occurred : HTTPSConnectionPool(host='www.funeralfinder.com', port=443): Max retries exceeded with url: /funeral-homes/states/KS/Shawnee%20Mission/ (Caused by NewConnectionError('<urllib3.connection.HTTPSConnection object at 0x04038210>: Failed to establish a new connection: [Errno 11001] getaddrinfo failed'))in line 206",https://www.funeralfinder.com/funeral-homes/states/KS/Shawnee Mission/,2024-05-09 19:30:18.711759
"Error occurred : HTTPSConnectionPool(host='www.funeralfinder.com', port=443): Max retries exceeded with url: /funeral-homes/states/KS/Smith%20Center/ (Caused by NewConnectionError('<urllib3.connection.HTTPSConnection object at 0x0459EC30>: Failed to establish a new connection: [Errno 11001] getaddrinfo failed'))in line 206",https://www.funeralfinder.com/funeral-homes/states/KS/Smith Center/,2024-05-09 19:30:18.714759
"Error occurred : HTTPSConnectionPool(host='www.funeralfinder.com', port=443): Max retries exceeded with url: /funeral-homes/states/KS/Solomon/ (Caused by NewConnectionError('<urllib3.connection.HTTPSConnection object at 0x0459EB50>: Failed to establish a new connection: [Errno 11001] getaddrinfo failed'))in line 206",https://www.funeralfinder.com/funeral-homes/states/KS/Solomon/,2024-05-09 19:30:18.717755
"Error occurred : HTTPSConnectionPool(host='www.funeralfinder.com', port=443): Max retries exceeded with url: /funeral-homes/states/KS/Spring%20Hill/ (Caused by NewConnectionError('<urllib3.connection.HTTPSConnection object at 0x0459EBF0>: Failed to establish a new connection: [Errno 11001] getaddrinfo failed'))in line 206",https://www.funeralfinder.com/funeral-homes/states/KS/Spring Hill/,2024-05-09 19:30:18.722751
"Error occurred : HTTPSConnectionPool(host='www.funeralfinder.com', port=443): Max retries exceeded with url: /funeral-homes/states/KS/Stafford/ (Caused by NewConnectionError('<urllib3.connection.HTTPSConnection object at 0x0459EE50>: Failed to establish a new connection: [Errno 11001] getaddrinfo failed'))in line 206",https://www.funeralfinder.com/funeral-homes/states/KS/Stafford/,2024-05-09 19:30:18.725750
"Error occurred : HTTPSConnectionPool(host='www.funeralfinder.com', port=443): Max retries exceeded with url: /funeral-homes/states/KS/Sterling/ (Caused by NewConnectionError('<urllib3.connection.HTTPSConnection object at 0x0459E730>: Failed to establish a new connection: [Errno 11001] getaddrinfo failed'))in line 206",https://www.funeralfinder.com/funeral-homes/states/KS/Sterling/,2024-05-09 19:30:18.729748
"Error occurred : HTTPSConnectionPool(host='www.funeralfinder.com', port=443): Max retries exceeded with url: /funeral-homes/states/KS/Stockton/ (Caused by NewConnectionError('<urllib3.connection.HTTPSConnection object at 0x0459EFD0>: Failed to establish a new connection: [Errno 11001] getaddrinfo failed'))in line 206",https://www.funeralfinder.com/funeral-homes/states/KS/Stockton/,2024-05-09 19:30:18.733745
"Error occurred : HTTPSConnectionPool(host='www.funeralfinder.com', port=443): Max retries exceeded with url: /funeral-homes/states/KS/Sublette/ (Caused by NewConnectionError('<urllib3.connection.HTTPSConnection object at 0x0459E3F0>: Failed to establish a new connection: [Errno 11001] getaddrinfo failed'))in line 206",https://www.funeralfinder.com/funeral-homes/states/KS/Sublette/,2024-05-09 19:30:18.737744
"Error occurred : HTTPSConnectionPool(host='www.funeralfinder.com', port=443): Max retries exceeded with url: /funeral-homes/states/KS/Sylvan%20Grove/ (Caused by NewConnectionError('<urllib3.connection.HTTPSConnection object at 0x040381D0>: Failed to establish a new connection: [Errno 11001] getaddrinfo failed'))in line 206",https://www.funeralfinder.com/funeral-homes/states/KS/Sylvan Grove/,2024-05-09 19:30:18.740742
"Error occurred : HTTPSConnectionPool(host='www.funeralfinder.com', port=443): Max retries exceeded with url: /funeral-homes/states/KS/Syracuse/ (Caused by NewConnectionError('<urllib3.connection.HTTPSConnection object at 0x045341B0>: Failed to establish a new connection: [Errno 11001] getaddrinfo failed'))in line 206",https://www.funeralfinder.com/funeral-homes/states/KS/Syracuse/,2024-05-09 19:30:18.743739
"Error occurred : HTTPSConnectionPool(host='www.funeralfinder.com', port=443): Max retries exceeded with url: /funeral-homes/states/KS/Tonganoxie/ (Caused by NewConnectionError('<urllib3.connection.HTTPSConnection object at 0x03FD5070>: Failed to establish a new connection: [Errno 11001] getaddrinfo failed'))in line 206",https://www.funeralfinder.com/funeral-homes/states/KS/Tonganoxie/,2024-05-09 19:30:18.746739
"Error occurred : HTTPSConnectionPool(host='www.funeralfinder.com', port=443): Max retries exceeded with url: /funeral-homes/states/KS/Topeka/ (Caused by NewConnectionError('<urllib3.connection.HTTPSConnection object at 0x040380B0>: Failed to establish a new connection: [Errno 11001] getaddrinfo failed'))in line 206",https://www.funeralfinder.com/funeral-homes/states/KS/Topeka/,2024-05-09 19:30:18.750736
"Error occurred : HTTPSConnectionPool(host='www.funeralfinder.com', port=443): Max retries exceeded with url: /funeral-homes/states/KS/Troy/ (Caused by NewConnectionError('<urllib3.connection.HTTPSConnection object at 0x0129F130>: Failed to establish a new connection: [Errno 11001] getaddrinfo failed'))in line 206",https://www.funeralfinder.com/funeral-homes/states/KS/Troy/,2024-05-09 19:30:18.753735
"Error occurred : HTTPSConnectionPool(host='www.funeralfinder.com', port=443): Max retries exceeded with url: /funeral-homes/states/KS/Turon/ (Caused by NewConnectionError('<urllib3.connection.HTTPSConnection object at 0x0459EA50>: Failed to establish a new connection: [Errno 11001] getaddrinfo failed'))in line 206",https://www.funeralfinder.com/funeral-homes/states/KS/Turon/,2024-05-09 19:30:18.756732
"Error occurred : HTTPSConnectionPool(host='www.funeralfinder.com', port=443): Max retries exceeded with url: /funeral-homes/states/KS/Ulysses/ (Caused by NewConnectionError('<urllib3.connection.HTTPSConnection object at 0x0459E6D0>: Failed to establish a new connection: [Errno 11001] getaddrinfo failed'))in line 206",https://www.funeralfinder.com/funeral-homes/states/KS/Ulysses/,2024-05-09 19:30:18.759729
"Error occurred : HTTPSConnectionPool(host='www.funeralfinder.com', port=443): Max retries exceeded with url: /funeral-homes/states/KS/Valley%20Center/ (Caused by NewConnectionError('<urllib3.connection.HTTPSConnection object at 0x0459EDF0>: Failed to establish a new connection: [Errno 11001] getaddrinfo failed'))in line 206",https://www.funeralfinder.com/funeral-homes/states/KS/Valley Center/,2024-05-09 19:30:18.762728
"Error occurred : HTTPSConnectionPool(host='www.funeralfinder.com', port=443): Max retries exceeded with url: /funeral-homes/states/KS/Valley%20Falls/ (Caused by NewConnectionError('<urllib3.connection.HTTPSConnection object at 0x03FD50B0>: Failed to establish a new connection: [Errno 11001] getaddrinfo failed'))in line 206",https://www.funeralfinder.com/funeral-homes/states/KS/Valley Falls/,2024-05-09 19:30:18.767727
"Error occurred : HTTPSConnectionPool(host='www.funeralfinder.com', port=443): Max retries exceeded with url: /funeral-homes/states/KS/Victoria/ (Caused by NewConnectionError('<urllib3.connection.HTTPSConnection object at 0x0459EE70>: Failed to establish a new connection: [Errno 11001] getaddrinfo failed'))in line 206",https://www.funeralfinder.com/funeral-homes/states/KS/Victoria/,2024-05-09 19:30:18.771724
"Error occurred : HTTPSConnectionPool(host='www.funeralfinder.com', port=443): Max retries exceeded with url: /funeral-homes/states/KS/Wa%20Keeney/ (Caused by NewConnectionError('<urllib3.connection.HTTPSConnection object at 0x0459E9D0>: Failed to establish a new connection: [Errno 11001] getaddrinfo failed'))in line 206",https://www.funeralfinder.com/funeral-homes/states/KS/Wa Keeney/,2024-05-09 19:30:18.774736
"Error occurred : HTTPSConnectionPool(host='www.funeralfinder.com', port=443): Max retries exceeded with url: /funeral-homes/states/KS/Wakefield/ (Caused by NewConnectionError('<urllib3.connection.HTTPSConnection object at 0x0459E4F0>: Failed to establish a new connection: [Errno 11001] getaddrinfo failed'))in line 206",https://www.funeralfinder.com/funeral-homes/states/KS/Wakefield/,2024-05-09 19:30:18.779719
"Error occurred : HTTPSConnectionPool(host='www.funeralfinder.com', port=443): Max retries exceeded with url: /funeral-homes/states/KS/Wamego/ (Caused by NewConnectionError('<urllib3.connection.HTTPSConnection object at 0x0453C1F0>: Failed to establish a new connection: [Errno 11001] getaddrinfo failed'))in line 206",https://www.funeralfinder.com/funeral-homes/states/KS/Wamego/,2024-05-09 19:30:18.783720
"Error occurred : HTTPSConnectionPool(host='www.funeralfinder.com', port=443): Max retries exceeded with url: /funeral-homes/states/KS/Washington/ (Caused by NewConnectionError('<urllib3.connection.HTTPSConnection object at 0x040381D0>: Failed to establish a new connection: [Errno 11001] getaddrinfo failed'))in line 206",https://www.funeralfinder.com/funeral-homes/states/KS/Washington/,2024-05-09 19:30:18.787716
"Error occurred : HTTPSConnectionPool(host='www.funeralfinder.com', port=443): Max retries exceeded with url: /funeral-homes/states/KS/Waterville/ (Caused by NewConnectionError('<urllib3.connection.HTTPSConnection object at 0x03FD5DB0>: Failed to establish a new connection: [Errno 11001] getaddrinfo failed'))in line 206",https://www.funeralfinder.com/funeral-homes/states/KS/Waterville/,2024-05-09 19:30:18.790727
"Error occurred : HTTPSConnectionPool(host='www.funeralfinder.com', port=443): Max retries exceeded with url: /funeral-homes/states/KS/Wathena/ (Caused by NewConnectionError('<urllib3.connection.HTTPSConnection object at 0x04038150>: Failed to establish a new connection: [Errno 11001] getaddrinfo failed'))in line 206",https://www.funeralfinder.com/funeral-homes/states/KS/Wathena/,2024-05-09 19:30:18.796711
"Error occurred : HTTPSConnectionPool(host='www.funeralfinder.com', port=443): Max retries exceeded with url: /funeral-homes/states/KS/Weir/ (Caused by NewConnectionError('<urllib3.connection.HTTPSConnection object at 0x0453CEF0>: Failed to establish a new connection: [Errno 11001] getaddrinfo failed'))in line 206",https://www.funeralfinder.com/funeral-homes/states/KS/Weir/,2024-05-09 19:30:18.802705
"Error occurred : HTTPSConnectionPool(host='www.funeralfinder.com', port=443): Max retries exceeded with url: /funeral-homes/states/KS/Wellington/ (Caused by NewConnectionError('<urllib3.connection.HTTPSConnection object at 0x0459EE10>: Failed to establish a new connection: [Errno 11001] getaddrinfo failed'))in line 206",https://www.funeralfinder.com/funeral-homes/states/KS/Wellington/,2024-05-09 19:30:18.805718
"Error occurred : HTTPSConnectionPool(host='www.funeralfinder.com', port=443): Max retries exceeded with url: /funeral-homes/states/KS/Wellsville/ (Caused by NewConnectionError('<urllib3.connection.HTTPSConnection object at 0x0459E8F0>: Failed to establish a new connection: [Errno 11001] getaddrinfo failed'))in line 206",https://www.funeralfinder.com/funeral-homes/states/KS/Wellsville/,2024-05-09 19:30:18.808701
"Error occurred : HTTPSConnectionPool(host='www.funeralfinder.com', port=443): Max retries exceeded with url: /funeral-homes/states/KS/Whitewater/ (Caused by NewConnectionError('<urllib3.connection.HTTPSConnection object at 0x0459E7F0>: Failed to establish a new connection: [Errno 11001] getaddrinfo failed'))in line 206",https://www.funeralfinder.com/funeral-homes/states/KS/Whitewater/,2024-05-09 19:30:18.811712
"Error occurred : HTTPSConnectionPool(host='www.funeralfinder.com', port=443): Max retries exceeded with url: /funeral-homes/states/KS/Wichita/ (Caused by NewConnectionError('<urllib3.connection.HTTPSConnection object at 0x03FD53D0>: Failed to establish a new connection: [Errno 11001] getaddrinfo failed'))in line 206",https://www.funeralfinder.com/funeral-homes/states/KS/Wichita/,2024-05-09 19:30:18.814714
"Error occurred : HTTPSConnectionPool(host='www.funeralfinder.com', port=443): Max retries exceeded with url: /funeral-homes/states/KS/Wilson/ (Caused by NewConnectionError('<urllib3.connection.HTTPSConnection object at 0x0459E870>: Failed to establish a new connection: [Errno 11001] getaddrinfo failed'))in line 206",https://www.funeralfinder.com/funeral-homes/states/KS/Wilson/,2024-05-09 19:30:18.818697
"Error occurred : HTTPSConnectionPool(host='www.funeralfinder.com', port=443): Max retries exceeded with url: /funeral-homes/states/KS/Winfield/ (Caused by NewConnectionError('<urllib3.connection.HTTPSConnection object at 0x0459E970>: Failed to establish a new connection: [Errno 11001] getaddrinfo failed'))in line 206",https://www.funeralfinder.com/funeral-homes/states/KS/Winfield/,2024-05-09 19:30:18.821708
"Error occurred : HTTPSConnectionPool(host='www.funeralfinder.com', port=443): Max retries exceeded with url: /funeral-homes/states/KS/Yates%20Center/ (Caused by NewConnectionError('<urllib3.connection.HTTPSConnection object at 0x0459EA10>: Failed to establish a new connection: [Errno 11001] getaddrinfo failed'))in line 206",https://www.funeralfinder.com/funeral-homes/states/KS/Yates Center/,2024-05-09 19:30:18.824707
"Error occurred : HTTPSConnectionPool(host='www.funeralfinder.com', port=443): Max retries exceeded with url: /funeral-homes/states/KY/ (Caused by NewConnectionError('<urllib3.connection.HTTPSConnection object at 0x010EF590>: Failed to establish a new connection: [Errno 11001] getaddrinfo failed'))in line 184",https://www.funeralfinder.com/funeral-homes/states/KY/,2024-05-09 19:30:18.827691
"Error occurred : HTTPSConnectionPool(host='www.funeralfinder.com', port=443): Max retries exceeded with url: /funeral-homes/states/LA/ (Caused by NewConnectionError('<urllib3.connection.HTTPSConnection object at 0x010CDC10>: Failed to establish a new connection: [Errno 11001] getaddrinfo failed'))in line 184",https://www.funeralfinder.com/funeral-homes/states/LA/,2024-05-09 19:30:18.831691
"Error occurred : HTTPSConnectionPool(host='www.funeralfinder.com', port=443): Max retries exceeded with url: /funeral-homes/states/ME/ (Caused by NewConnectionError('<urllib3.connection.HTTPSConnection object at 0x03FD5A70>: Failed to establish a new connection: [Errno 11001] getaddrinfo failed'))in line 184",https://www.funeralfinder.com/funeral-homes/states/ME/,2024-05-09 19:30:18.834701
"Error occurred : HTTPSConnectionPool(host='www.funeralfinder.com', port=443): Max retries exceeded with url: /funeral-homes/states/MD/ (Caused by NewConnectionError('<urllib3.connection.HTTPSConnection object at 0x04038170>: Failed to establish a new connection: [Errno 11001] getaddrinfo failed'))in line 184",https://www.funeralfinder.com/funeral-homes/states/MD/,2024-05-09 19:30:18.838699
"Error occurred : HTTPSConnectionPool(host='www.funeralfinder.com', port=443): Max retries exceeded with url: /funeral-homes/states/MA/ (Caused by NewConnectionError('<urllib3.connection.HTTPSConnection object at 0x012CD190>: Failed to establish a new connection: [Errno 11001] getaddrinfo failed'))in line 184",https://www.funeralfinder.com/funeral-homes/states/MA/,2024-05-09 19:30:18.841685
"Error occurred : HTTPSConnectionPool(host='www.funeralfinder.com', port=443): Max retries exceeded with url: /funeral-homes/states/MI/ (Caused by NewConnectionError('<urllib3.connection.HTTPSConnection object at 0x0459EF50>: Failed to establish a new connection: [Errno 11001] getaddrinfo failed'))in line 184",https://www.funeralfinder.com/funeral-homes/states/MI/,2024-05-09 19:30:18.844695
"Error occurred : HTTPSConnectionPool(host='www.funeralfinder.com', port=443): Max retries exceeded with url: /funeral-homes/states/MN/ (Caused by NewConnectionError('<urllib3.connection.HTTPSConnection object at 0x0459E930>: Failed to establish a new connection: [Errno 11001] getaddrinfo failed'))in line 184",https://www.funeralfinder.com/funeral-homes/states/MN/,2024-05-09 19:30:18.848679
"Error occurred : HTTPSConnectionPool(host='www.funeralfinder.com', port=443): Max retries exceeded with url: /funeral-homes/states/MS/ (Caused by NewConnectionError('<urllib3.connection.HTTPSConnection object at 0x0459E390>: Failed to establish a new connection: [Errno 11001] getaddrinfo failed'))in line 184",https://www.funeralfinder.com/funeral-homes/states/MS/,2024-05-09 19:30:18.851678
"Error occurred : HTTPSConnectionPool(host='www.funeralfinder.com', port=443): Max retries exceeded with url: /funeral-homes/states/MO/ (Caused by NewConnectionError('<urllib3.connection.HTTPSConnection object at 0x03FD5A70>: Failed to establish a new connection: [Errno 11001] getaddrinfo failed'))in line 184",https://www.funeralfinder.com/funeral-homes/states/MO/,2024-05-09 19:30:18.854690
"Error occurred : HTTPSConnectionPool(host='www.funeralfinder.com', port=443): Max retries exceeded with url: /funeral-homes/states/MT/ (Caused by NewConnectionError('<urllib3.connection.HTTPSConnection object at 0x0459E450>: Failed to establish a new connection: [Errno 11001] getaddrinfo failed'))in line 184",https://www.funeralfinder.com/funeral-homes/states/MT/,2024-05-09 19:30:18.858673
"Error occurred : HTTPSConnectionPool(host='www.funeralfinder.com', port=443): Max retries exceeded with url: /funeral-homes/states/NE/ (Caused by NewConnectionError('<urllib3.connection.HTTPSConnection object at 0x0459E6B0>: Failed to establish a new connection: [Errno 11001] getaddrinfo failed'))in line 184",https://www.funeralfinder.com/funeral-homes/states/NE/,2024-05-09 19:30:18.861509
"Error occurred : HTTPSConnectionPool(host='www.funeralfinder.com', port=443): Max retries exceeded with url: /funeral-homes/states/NV/ (Caused by NewConnectionError('<urllib3.connection.HTTPSConnection object at 0x0459E830>: Failed to establish a new connection: [Errno 11001] getaddrinfo failed'))in line 184",https://www.funeralfinder.com/funeral-homes/states/NV/,2024-05-09 19:30:18.864512
"Error occurred : HTTPSConnectionPool(host='www.funeralfinder.com', port=443): Max retries exceeded with url: /funeral-homes/states/NH/ (Caused by NewConnectionError('<urllib3.connection.HTTPSConnection object at 0x012CD9D0>: Failed to establish a new connection: [Errno 11001] getaddrinfo failed'))in line 184",https://www.funeralfinder.com/funeral-homes/states/NH/,2024-05-09 19:30:18.868396
"Error occurred : HTTPSConnectionPool(host='www.funeralfinder.com', port=443): Max retries exceeded with url: /funeral-homes/states/NJ/ (Caused by NewConnectionError('<urllib3.connection.HTTPSConnection object at 0x0129F0B0>: Failed to establish a new connection: [Errno 11001] getaddrinfo failed'))in line 184",https://www.funeralfinder.com/funeral-homes/states/NJ/,2024-05-09 19:30:18.871411
"Error occurred : HTTPSConnectionPool(host='www.funeralfinder.com', port=443): Max retries exceeded with url: /funeral-homes/states/NM/ (Caused by NewConnectionError('<urllib3.connection.HTTPSConnection object at 0x04038670>: Failed to establish a new connection: [Errno 11001] getaddrinfo failed'))in line 184",https://www.funeralfinder.com/funeral-homes/states/NM/,2024-05-09 19:30:18.874398
"Error occurred : HTTPSConnectionPool(host='www.funeralfinder.com', port=443): Max retries exceeded with url: /funeral-homes/states/NY/ (Caused by NewConnectionError('<urllib3.connection.HTTPSConnection object at 0x010EF150>: Failed to establish a new connection: [Errno 11001] getaddrinfo failed'))in line 184",https://www.funeralfinder.com/funeral-homes/states/NY/,2024-05-09 19:30:18.877393
"Error occurred : HTTPSConnectionPool(host='www.funeralfinder.com', port=443): Max retries exceeded with url: /funeral-homes/states/NC/ (Caused by NewConnectionError('<urllib3.connection.HTTPSConnection object at 0x012CD6F0>: Failed to establish a new connection: [Errno 11001] getaddrinfo failed'))in line 184",https://www.funeralfinder.com/funeral-homes/states/NC/,2024-05-09 19:30:18.881392
"Error occurred : HTTPSConnectionPool(host='www.funeralfinder.com', port=443): Max retries exceeded with url: /funeral-homes/states/ND/ (Caused by NewConnectionError('<urllib3.connection.HTTPSConnection object at 0x0459EA50>: Failed to establish a new connection: [Errno 11001] getaddrinfo failed'))in line 184",https://www.funeralfinder.com/funeral-homes/states/ND/,2024-05-09 19:30:18.884404
"Error occurred : HTTPSConnectionPool(host='www.funeralfinder.com', port=443): Max retries exceeded with url: /funeral-homes/states/OH/ (Caused by NewConnectionError('<urllib3.connection.HTTPSConnection object at 0x0459EE90>: Failed to establish a new connection: [Errno 11001] getaddrinfo failed'))in line 184",https://www.funeralfinder.com/funeral-homes/states/OH/,2024-05-09 19:30:18.888386
"Error occurred : HTTPSConnectionPool(host='www.funeralfinder.com', port=443): Max retries exceeded with url: /funeral-homes/states/OK/ (Caused by NewConnectionError('<urllib3.connection.HTTPSConnection object at 0x0459E850>: Failed to establish a new connection: [Errno 11001] getaddrinfo failed'))in line 184",https://www.funeralfinder.com/funeral-homes/states/OK/,2024-05-09 19:30:18.891387
"Error occurred : HTTPSConnectionPool(host='www.funeralfinder.com', port=443): Max retries exceeded with url: /funeral-homes/states/OR/ (Caused by NewConnectionError('<urllib3.connection.HTTPSConnection object at 0x03FD50F0>: Failed to establish a new connection: [Errno 11001] getaddrinfo failed'))in line 184",https://www.funeralfinder.com/funeral-homes/states/OR/,2024-05-09 19:30:18.894405
"Error occurred : HTTPSConnectionPool(host='www.funeralfinder.com', port=443): Max retries exceeded with url: /funeral-homes/states/PA/ (Caused by NewConnectionError('<urllib3.connection.HTTPSConnection object at 0x0459E9F0>: Failed to establish a new connection: [Errno 11001] getaddrinfo failed'))in line 184",https://www.funeralfinder.com/funeral-homes/states/PA/,2024-05-09 19:30:18.898394
"Error occurred : HTTPSConnectionPool(host='www.funeralfinder.com', port=443): Max retries exceeded with url: /funeral-homes/states/RI/ (Caused by NewConnectionError('<urllib3.connection.HTTPSConnection object at 0x0459E5D0>: Failed to establish a new connection: [Errno 11001] getaddrinfo failed'))in line 184",https://www.funeralfinder.com/funeral-homes/states/RI/,2024-05-09 19:30:18.902389
"Error occurred : HTTPSConnectionPool(host='www.funeralfinder.com', port=443): Max retries exceeded with url: /funeral-homes/states/SC/ (Caused by NewConnectionError('<urllib3.connection.HTTPSConnection object at 0x0459EB50>: Failed to establish a new connection: [Errno 11001] getaddrinfo failed'))in line 184",https://www.funeralfinder.com/funeral-homes/states/SC/,2024-05-09 19:30:18.905379
"Error occurred : HTTPSConnectionPool(host='www.funeralfinder.com', port=443): Max retries exceeded with url: /funeral-homes/states/SD/ (Caused by NewConnectionError('<urllib3.connection.HTTPSConnection object at 0x012CD730>: Failed to establish a new connection: [Errno 11001] getaddrinfo failed'))in line 184",https://www.funeralfinder.com/funeral-homes/states/SD/,2024-05-09 19:30:18.909375
"Error occurred : HTTPSConnectionPool(host='www.funeralfinder.com', port=443): Max retries exceeded with url: /funeral-homes/states/TN/ (Caused by NewConnectionError('<urllib3.connection.HTTPSConnection object at 0x010EF590>: Failed to establish a new connection: [Errno 11001] getaddrinfo failed'))in line 184",https://www.funeralfinder.com/funeral-homes/states/TN/,2024-05-09 19:30:18.913378
"Error occurred : HTTPSConnectionPool(host='www.funeralfinder.com', port=443): Max retries exceeded with url: /funeral-homes/states/TX/ (Caused by NewConnectionError('<urllib3.connection.HTTPSConnection object at 0x03FD5F30>: Failed to establish a new connection: [Errno 11001] getaddrinfo failed'))in line 184",https://www.funeralfinder.com/funeral-homes/states/TX/,2024-05-09 19:30:18.918370
"Error occurred : HTTPSConnectionPool(host='www.funeralfinder.com', port=443): Max retries exceeded with url: /funeral-homes/states/UT/ (Caused by NewConnectionError('<urllib3.connection.HTTPSConnection object at 0x010EF150>: Failed to establish a new connection: [Errno 11001] getaddrinfo failed'))in line 184",https://www.funeralfinder.com/funeral-homes/states/UT/,2024-05-09 19:30:18.921371
"Error occurred : HTTPSConnectionPool(host='www.funeralfinder.com', port=443): Max retries exceeded with url: /funeral-homes/states/VT/ (Caused by NewConnectionError('<urllib3.connection.HTTPSConnection object at 0x012CD470>: Failed to establish a new connection: [Errno 11001] getaddrinfo failed'))in line 184",https://www.funeralfinder.com/funeral-homes/states/VT/,2024-05-09 19:30:18.925366
"Error occurred : HTTPSConnectionPool(host='www.funeralfinder.com', port=443): Max retries exceeded with url: /funeral-homes/states/VA/ (Caused by NewConnectionError('<urllib3.connection.HTTPSConnection object at 0x0459EA30>: Failed to establish a new connection: [Errno 11001] getaddrinfo failed'))in line 184",https://www.funeralfinder.com/funeral-homes/states/VA/,2024-05-09 19:30:18.928364
"Error occurred : HTTPSConnectionPool(host='www.funeralfinder.com', port=443): Max retries exceeded with url: /funeral-homes/states/WA/ (Caused by NewConnectionError('<urllib3.connection.HTTPSConnection object at 0x0459EB10>: Failed to establish a new connection: [Errno 11001] getaddrinfo failed'))in line 184",https://www.funeralfinder.com/funeral-homes/states/WA/,2024-05-09 19:30:18.931363
"Error occurred : HTTPSConnectionPool(host='www.funeralfinder.com', port=443): Max retries exceeded with url: /funeral-homes/states/WV/ (Caused by NewConnectionError('<urllib3.connection.HTTPSConnection object at 0x0459EA70>: Failed to establish a new connection: [Errno 11001] getaddrinfo failed'))in line 184",https://www.funeralfinder.com/funeral-homes/states/WV/,2024-05-09 19:30:18.935360
"Error occurred : HTTPSConnectionPool(host='www.funeralfinder.com', port=443): Max retries exceeded with url: /funeral-homes/states/WI/ (Caused by NewConnectionError('<urllib3.connection.HTTPSConnection object at 0x0459EF30>: Failed to establish a new connection: [Errno 11001] getaddrinfo failed'))in line 184",https://www.funeralfinder.com/funeral-homes/states/WI/,2024-05-09 19:30:18.938359
"Error occurred : HTTPSConnectionPool(host='www.funeralfinder.com', port=443): Max retries exceeded with url: /funeral-homes/states/WY/ (Caused by NewConnectionError('<urllib3.connection.HTTPSConnection object at 0x0459E1B0>: Failed to establish a new connection: [Errno 11001] getaddrinfo failed'))in line 184",https://www.funeralfinder.com/funeral-homes/states/WY/,2024-05-09 19:30:18.941356
"Error occurred : HTTPSConnectionPool(host='www.funeralfinder.com', port=443): Max retries exceeded with url: /funeral-homes/states/KS/Alma/ (Caused by NewConnectionError('<urllib3.connection.HTTPSConnection object at 0x040677B0>: Failed to establish a new connection: [WinError 10060] A connection attempt failed because the connected party did not properly respond after a period of time, or established connection failed because connected host has failed to respond'))in line 206",https://www.funeralfinder.com/funeral-homes/states/KS/Alma/,2024-05-09 19:45:37.318743
"Error occurred : ('Connection aborted.', RemoteDisconnected('Remote end closed connection without response'))in line 206",https://www.funeralfinder.com/funeral-homes/states/MO/Benton/,2024-05-09 20:57:39.666465
"Error occurred : HTTPSConnectionPool(host='www.funeralfinder.com', port=443): Max retries exceeded with url: /funeral-homes/states/NY/Bath/ (Caused by NewConnectionError('<urllib3.connection.HTTPSConnection object at 0x0169C1B0>: Failed to establish a new connection: [WinError 10060] A connection attempt failed because the connected party did not properly respond after a period of time, or established connection failed because connected host has failed to respond'))in line 206",https://www.funeralfinder.com/funeral-homes/states/NY/Bath/,2024-05-09 21:42:04.364954
"Error occurred : HTTPSConnectionPool(host='www.funeralfinder.com', port=443): Max retries exceeded with url: /funeral-homes/states/NY/Binghamton/ (Caused by NewConnectionError('<urllib3.connection.HTTPSConnection object at 0x04DC61B0>: Failed to establish a new connection: [WinError 10060] A connection attempt failed because the connected party did not properly respond after a period of time, or established connection failed because connected host has failed to respond'))in line 206",https://www.funeralfinder.com/funeral-homes/states/NY/Binghamton/,2024-05-09 21:42:51.078997
"Error occurred : HTTPSConnectionPool(host='www.funeralfinder.com', port=443): Max retries exceeded with url: /funeral-homes/wurtz-funeral-home/2365/ (Caused by NewConnectionError('<urllib3.connection.HTTPSConnection object at 0x0485EBB0>: Failed to establish a new connection: [WinError 10060] A connection attempt failed because the connected party did not properly respond after a period of time, or established connection failed because connected host has failed to respond'))in line 80",https://www.funeralfinder.com/funeral-homes/wurtz-funeral-home/2365/,2024-05-09 21:43:22.468381
"Error occurred : HTTPSConnectionPool(host='www.funeralfinder.com', port=443): Max retries exceeded with url: /funeral-homes/castle-hill-funeral-directors/1045/ (Caused by NewConnectionError('<urllib3.connection.HTTPSConnection object at 0x04DD7E70>: Failed to establish a new connection: [WinError 10060] A connection attempt failed because the connected party did not properly respond after a period of time, or established connection failed because connected host has failed to respond'))in line 80",https://www.funeralfinder.com/funeral-homes/castle-hill-funeral-directors/1045/,2024-05-09 21:44:07.725111
"Error occurred : HTTPSConnectionPool(host='www.funeralfinder.com', port=443): Max retries exceeded with url: /funeral-homes/st-johns-funeral-home/2174/ (Caused by NewConnectionError('<urllib3.connection.HTTPSConnection object at 0x01683FD0>: Failed to establish a new connection: [WinError 10060] A connection attempt failed because the connected party did not properly respond after a period of time, or established connection failed because connected host has failed to respond'))in line 80",https://www.funeralfinder.com/funeral-homes/st-johns-funeral-home/2174/,2024-05-09 21:48:11.849478
"Error occurred : HTTPSConnectionPool(host='www.funeralfinder.com', port=443): Max retries exceeded with url: /funeral-homes/thomas-j-kelleher-funeral-home/2231/ (Caused by NewConnectionError('<urllib3.connection.HTTPSConnection object at 0x01317050>: Failed to establish a new connection: [WinError 10060] A connection attempt failed because the connected party did not properly respond after a period of time, or established connection failed because connected host has failed to respond'))in line 80",https://www.funeralfinder.com/funeral-homes/thomas-j-kelleher-funeral-home/2231/,2024-05-09 21:48:34.976634
"Error occurred : HTTPSConnectionPool(host='www.funeralfinder.com', port=443): Max retries exceeded with url: /funeral-homes/candor-funeral-parlour-inc/1026/ (Caused by NewConnectionError('<urllib3.connection.HTTPSConnection object at 0x0484F0F0>: Failed to establish a new connection: [WinError 10060] A connection attempt failed because the connected party did not properly respond after a period of time, or established connection failed because connected host has failed to respond'))in line 80",https://www.funeralfinder.com/funeral-homes/candor-funeral-parlour-inc/1026/,2024-05-09 21:49:29.938646
Error occurred : [Errno 13] Permission denied: 'Funeralfinder/output.csv'in line 44,austin-royster.com,2024-05-10 09:21:25.740602
Error occurred : [Errno 13] Permission denied: 'Funeralfinder/output.csv'in line 44,Null,2024-05-10 09:21:26.582176
Error occurred : [Errno 13] Permission denied: 'Funeralfinder/output.csv'in line 44,Null,2024-05-10 09:21:27.464180
Error occurred : [Errno 13] Permission denied: 'Funeralfinder/output.csv'in line 44,bianchifuneralservices.com,2024-05-10 09:21:28.214811
"Error occurred : HTTPSConnectionPool(host='www.funeralfinder.com', port=443): Max retries exceeded with url: /funeral-homes/devol-funeral-home/19765/ (Caused by NewConnectionError('<urllib3.connection.HTTPSConnection object at 0x03D3B290>: Failed to establish a new connection: [WinError 10060] A connection attempt failed because the connected party did not properly respond after a period of time, or established connection failed because connected host has failed to respond'))in line 80",https://www.funeralfinder.com/funeral-homes/devol-funeral-home/19765/,2024-05-10 09:22:03.223524
"Error occurred : HTTPSConnectionPool(host='www.funeralfinder.com', port=443): Max retries exceeded with url: /funeral-homes/mcguire-funeral-service/19773/ (Caused by NewConnectionError('<urllib3.connection.HTTPSConnection object at 0x03D27610>: Failed to establish a new connection: [WinError 10060] A connection attempt failed because the connected party did not properly respond after a period of time, or established connection failed because connected host has failed to respond'))in line 80",https://www.funeralfinder.com/funeral-homes/mcguire-funeral-service/19773/,2024-05-10 09:22:31.106615
Error occurred : [Errno 13] Permission denied: 'Funeralfinder/output.csv'in line 44,Null,2024-05-10 09:27:35.199637
Error occurred : [Errno 13] Permission denied: 'Funeralfinder/output.csv'in line 44,www.mbcfh.com,2024-05-10 09:27:36.255249
Error occurred : [Errno 13] Permission denied: 'Funeralfinder/output.csv'in line 44,Null,2024-05-10 09:27:38.155856
Error occurred : [Errno 13] Permission denied: 'Funeralfinder/output.csv'in line 44,Null,2024-05-10 09:27:39.097009
Error occurred : [Errno 13] Permission denied: 'Funeralfinder/output.csv'in line 44,Null,2024-05-10 09:27:41.095642
Error occurred : 'NoneType' object is not callablein line 276,"<a href='\""\/funeral-homes\/abbey-bat-kol-funeral-services\/14279\/\""'>Abbey Bat Kol Funeral Services&lt;\/a&gt;"",""Los Angeles"",""California"",""0 miles""],["""",""14305"",""<a href='\""\/funeral-homes\/agape-funeral-home\/14305\/\""'>Agape Funeral Home&lt;\/a&gt;"",""Los Angeles"",""California"",""0 miles""],["""",""14306"",""<a href='\""\/funeral-homes\/agape-san-pedro-funeral-homes\/14306\/\""'>Agape San Pedro Funeral Homes&lt;\/a&gt;"",""Los Angeles"",""California"",""0 miles""],["""",""14313"",""<a href='\""\/funeral-homes\/all-brass-memorial-chapel\/14313\/\""'>All Brass Memorial Chapel&lt;\/a&gt;"",""Los Angeles"",""California"",""0 miles""],["""",""14316"",""<a href='\""\/funeral-homes\/all-faith-funeral-home\/14316\/\""'>All Faith Funeral Home&lt;\/a&gt;"",""Los Angeles"",""California"",""0 miles""],["""",""14349"",""<a href='\""\/funeral-homes\/angelus-funeral-home\/14349\/\""'>Angelus Funeral Home&lt;\/a&gt;"",""Los Angeles"",""California"",""0 miles""],["""",""14350"",""<a href='\""\/funeral-homes\/angelus-rosedale-cemetery\/14350\/\""'>Angelus Rosedale Cemetery&lt;\/a&gt;"",""Los Angeles"",""California"",""0 miles""],["""",""14356"",""<a href='\""\/funeral-homes\/armstrong-family-malloy-mitten-mortuary\/14356\/\""'>Armstrong Family Malloy Mitten Mortuary&lt;\/a&gt;"",""Los Angeles"",""California"",""0 miles""],["""",""14357"",""<a href='\""\/funeral-homes\/armstrong-family-malloy-mitten-mortuary\/14357\/\""'>Armstrong Family Malloy-Mitten Mortuary&lt;\/a&gt;"",""Los Angeles"",""California"",""0 miles""],["""",""14360"",""<a href='\""\/funeral-homes\/ashley-grisby-mortuary-inc\/14360\/\""'>Ashley Grisby Mortuary Inc.&lt;\/a&gt;"",""Los Angeles"",""California"",""0 miles""],["""",""14369"",""<a href='\""\/funeral-homes\/bagues-y-hijos-funeraria\/14369\/\""'>Bagues Y. Hijos Funeraria&lt;\/a&gt;"",""Los Angeles"",""California"",""0 miles""],["""",""14411"",""<a href='\""\/funeral-homes\/boyd-funeral-home\/14411\/\""'>Boyd Funeral Home&lt;\/a&gt;"",""Los Angeles"",""California"",""0 miles""],["""",""14413"",""<a href='\""\/funeral-homes\/bresee-bros-and-gillette-mortuary\/14413\/\""'>Bresee Bros And Gillette Mortuary&lt;\/a&gt;"",""Los Angeles"",""California"",""0 miles""],["""",""14415"",""<a href='\""\/funeral-homes\/broadway-funeral-home\/14415\/\""'>Broadway Funeral Home&lt;\/a&gt;"",""Los Angeles"",""California"",""0 miles""],["""",""14447"",""<a href='\""\/funeral-homes\/calvary-mortuary\/14447\/\""'>Calvary Mortuary&lt;\/a&gt;"",""Los Angeles"",""California"",""0 miles""],["""",""14459"",""<a href='\""\/funeral-homes\/castaneda-crollett-mortuary\/14459\/\""'>Castaneda Crollett Mortuary&lt;\/a&gt;"",""Los Angeles"",""California"",""0 miles""],["""",""14463"",""<a href='\""\/funeral-homes\/cedar-hill-mortuary-and-accommodations\/14463\/\""'>Cedar Hill Mortuary And Accommodations&lt;\/a&gt;"",""Los Angeles"",""California"",""0 miles""],["""",""14531"",""<a href='\""\/funeral-homes\/continental-funeral-home\/14531\/\""'>Continental Funeral Home&lt;\/a&gt;"",""Los Angeles"",""California"",""0 miles""],["""",""14551"",""<a href='\""\/funeral-homes\/cremation-specialists-los\/14551\/\""'>Cremation Specialists Los&lt;\/a&gt;"",""Los Angeles"",""California"",""0 miles""],["""",""14575"",""<a href='\""\/funeral-homes\/de-haven-funeral-home\/14575\/\""'>De Haven Funeral Home&lt;\/a&gt;"",""Los Angeles"",""California"",""0 miles""],["""",""14609"",""<a href='\""\/funeral-homes\/east-olympic-funeral-home\/14609\/\""'>East Olympic Funeral Home&lt;\/a&gt;"",""Los Angeles"",""California"",""0 miles""],["""",""14658"",""<a href='\""\/funeral-homes\/felipe-bagues-mortuary\/14658\/\""'>Felipe Bagues Mortuary&lt;\/a&gt;"",""Los Angeles"",""California"",""0 miles""],["""",""14695"",""<a href='\""\/funeral-homes\/fukui-mortuary-inc\/14695\/\""'>Fukui Mortuary Inc.&lt;\/a&gt;"",""Los Angeles"",""California"",""0 miles""],["""",""14698"",""<a href='\""\/funeral-homes\/funeral-advantage-golden-memorial-insurance-in-los-angeles\/14698\/\""'>Funeral Advantage Golden Memorial Insurance In Los Angeles&lt;\/a&gt;"",""Los Angeles"",""California"",""0 miles""],["""",""14716"",""<a href='\""\/funeral-homes\/funeraria-del-angel-mirabal-mortuary\/14716\/\""'>Funeraria Del Angel Mirabal Mortuary&lt;\/a&gt;"",""Los Angeles"",""California"",""0 miles""],["""",""14724"",""<a href='\""\/funeral-homes\/funeraria-la-pierce-bros\/14724\/\""'>Funeraria LA Pierce Bros&lt;\/a&gt;"",""Los Angeles"",""California"",""0 miles""],["""",""14726"",""<a href='\""\/funeral-homes\/funeraria-los-angeles-mirabel\/14726\/\""'>Funeraria Los Angeles Mirabel&lt;\/a&gt;"",""Los Angeles"",""California"",""0 miles""],["""",""14767"",""<a href='\""\/funeral-homes\/groman-mortuary\/14767\/\""'>Groman Mortuary&lt;\/a&gt;"",""Los Angeles"",""California"",""0 miles""],["""",""14773"",""<a href='\""\/funeral-homes\/guerra-gutierrez-mortuary\/14773\/\""'>Guerra Gutierrez Mortuary&lt;\/a&gt;"",""Los Angeles"",""California"",""0 miles""],["""",""14775"",""<a href='\""\/funeral-homes\/guerra-gutierrez-mortuary-inc\/14775\/\""'>Guerra Gutierrez Mortuary Inc.&lt;\/a&gt;"",""Los Angeles"",""California"",""0 miles""],["""",""14777"",""<a href='\""\/funeral-homes\/gutierrez-and-weber-mortuary\/14777\/\""'>Gutierrez And Weber Mortuary&lt;\/a&gt;"",""Los Angeles"",""California"",""0 miles""],["""",""14789"",""<a href='\""\/funeral-homes\/han-kook-mortuary\/14789\/\""'>Han Kook Mortuary&lt;\/a&gt;"",""Los Angeles"",""California"",""0 miles""],["""",""14795"",""<a href='\""\/funeral-homes\/harrison-ross-mortuary\/14795\/\""'>Harrison Ross Mortuary&lt;\/a&gt;"",""Los Angeles"",""California"",""0 miles""],["""",""14797"",""<a href='\""\/funeral-homes\/harrison-ross-mortuary\/14797\/\""'>Harrison-Ross Mortuary&lt;\/a&gt;"",""Los Angeles"",""California"",""0 miles""],["""",""14818"",""<a href='\""\/funeral-homes\/hillside-memorial-park-and-mortuary\/14818\/\""'>Hillside Memorial Park And Mortuary&lt;\/a&gt;"",""Los Angeles"",""California"",""0 miles""],["""",""14823"",""<a href='\""\/funeral-homes\/hollywood-forever-funeral-home\/14823\/\""'>Hollywood Forever Funeral Home&lt;\/a&gt;"",""Los Angeles"",""California"",""0 miles""],["""",""14828"",""<a href='\""\/funeral-homes\/home-of-peace-memorial-park\/14828\/\""'>Home of Peace Memorial Park&lt;\/a&gt;"",""Los Angeles"",""California"",""0 miles""],["""",""14836"",""<a href='\""\/funeral-homes\/house-of-winston-mortuary\/14836\/\""'>House Of Winston Mortuary&lt;\/a&gt;"",""Los Angeles"",""California"",""0 miles""],["""",""14851"",""<a href='\""\/funeral-homes\/internatl-funeral-home-inc\/14851\/\""'>Internatl. Funeral Home Inc.&lt;\/a&gt;"",""Los Angeles"",""California"",""0 miles""],["""",""14880"",""<a href='\""\/funeral-homes\/kubota-nikkei-mortuary\/14880\/\""'>Kubota Nikkei Mortuary&lt;\/a&gt;"",""Los Angeles"",""California"",""0 miles""],["""",""14896"",""<a href='\""\/funeral-homes\/latino-americana-mortuary\/14896\/\""'>Latino Americana Mortuary&lt;\/a&gt;"",""Los Angeles"",""California"",""0 miles""],["""",""14926"",""<a href='\""\/funeral-homes\/los-angeles-funeral-service\/14926\/\""'>Los Angeles Funeral Service&lt;\/a&gt;"",""Los Angeles"",""California"",""0 miles""],["""",""14936"",""<a href='\""\/funeral-homes\/malinow-and-silverman-mortuary\/14936\/\""'>Malinow And Silverman Mortuary&lt;\/a&gt;"",""Los Angeles"",""California"",""0 miles""]]}</a></a></a></a></a></a></a></a></a></a></a></a></a></a></a></a></a></a></a></a></a></a></a></a></a></a></a></a></a></a></a></a></a></a></a></a></a></a></a></a></a></a></a>",2024-05-10 13:18:19.904332
"Error occurred : ('Connection aborted.', OSError(0, 'Error'))in line 80",https://www.funeralfinder.com/funeral-homes/wood-funeral-home/2363/,2024-05-10 17:19:21.836152
