AL,Alexander City,30:00.6
AL,Bay Minette,30:44.3
AL,Camp Hill,31:47.3
AL,Carbon Hill,31:48.0
AL,Double Springs,32:51.5
AL,Fort Payne,33:39.1
AL,Frisco City,33:40.0
AL,Grove Hill,34:20.2
AL,Hazel Green,34:40.3
AL,Laceys Spring,35:14.5
AL,Midland City,35:46.3
AL,Muscle Shoals,36:24.5
AL,New Hope,36:25.3
AL,Pell City,36:46.4
AL,Phenix City,36:47.2
AL,Pleasant Grove,36:51.5
AL,Red Bay,36:59.2
AL,Town Creek,37:55.5
AL,Union Springs,38:21.7
AL,Valley Head,38:28.7
AK,Eagle River,38:56.6
AK,North Pole,39:10.5
AZ,Apache Junction,39:22.6
AZ,Bullhead City,39:32.1
AZ,Camp Verde,39:32.9
AZ,Casa Grande,39:33.7
AZ,Chino Valley,39:37.0
AZ,El Mirage,39:47.0
AZ,Fort Mohave,39:55.8
AZ,Fountain Hills,39:56.7
AZ,Lake Havasu City,40:15.8
AZ,Mohave Valley,40:31.5
AZ,Prescott Valley,41:11.1
AZ,Saint David,41:15.4
AZ,Show Low,41:24.0
AZ,Sierra Vista,41:24.9
AZ,Sun City,41:29.2
AZ,Sun City West,41:30.0
AZ,Tuba City,41:41.4
AR,Bald Knob,42:23.5
AR,Bella Vista,42:33.6
AR,Bull Shoals,43:00.0
AR,Calico Rock,43:02.5
AR,Cave City,43:10.4
AR,De Queen,43:32.4
AR,De Witt,43:33.3
AR,Des Arc,43:37.6
AR,El Dorado,43:47.0
AR,Eureka Springs,43:53.9
AR,Forrest City,44:02.7
AR,Fort Smith,44:03.4
AR,Green Forest,44:07.7
AR,Heber Springs,44:24.9
AR,Horseshoe Bend,44:34.4
AR,Hot Springs Village,44:35.2
AR,Junction City,44:52.5
AR,Lake Village,44:53.3
AR,Little Rock,44:57.7
AR,Mammoth Spring,45:12.0
AR,Marked Tree,45:20.8
AR,Mc Crory,45:27.7
AR,Mc Gehee,45:28.5
AR,Mount Ida,45:45.7
AR,Mountain Home,45:46.6
AR,Mountain View,45:47.4
AR,North Little Rock,45:56.7
AR,Pea Ridge,46:09.7
AR,Pine Bluff,46:15.7
AR,Prairie Grove,46:19.1
AR,Siloam Springs,46:45.8
AR,Star City,46:54.3
AR,Van Buren,47:10.9
AR,Walnut Ridge,47:13.3
AR,West Helena,47:16.0
AR,West Memphis,47:16.7
AR,White Hall,47:17.6
CA,Angels Camp,47:41.6
CA,Apple Valley,47:45.8
CA,Arroyo Grande,47:52.4
CA,Baldwin Park,48:32.2
CA,Bell Gardens,48:43.6
CA,Big Bear City,49:06.4
CA,Bodega Bay,49:12.4
CA,Boulder Creek,49:15.8
CA,Buena Park,49:26.3
CA,Canoga Park,49:48.8
CA,Canyon Country,49:49.6
CA,Castro Valley,50:00.9
CA,Cathedral City,50:01.7
CA,Chino Hills,50:20.5
CA,Chula Vista,50:23.0
CA,Citrus Heights,50:23.9
CA,City of Industry,50:24.7
CA,Corona del mar,51:02.7
CA,Corte Madera,51:03.6
CA,Costa Mesa,51:04.4
CA,Crescent City,51:09.2
CA,Culver City,51:11.8
CA,Daly City,51:15.3
CA,Dana Point,51:16.1
CA,Desert Hot Springs,51:24.7
CA,Dos Palos,51:29.9
CA,El Cajon,51:38.6
CA,El Centro,51:39.4
CA,El Cerrito,51:40.2
CA,El Granada,51:41.0
CA,El Monte,51:41.8
CA,El Segundo,51:42.6
CA,El Sobrante,51:43.4
CA,Elk Grove,51:44.2
CA,Fair Oaks,52:07.4
CA,Fort Bragg,52:30.2
CA,Garden Grove,53:22.8
CA,Grass Valley,53:38.5
CA,Grover Beach,53:42.0
CA,Half Moon Bay,53:44.6
CA,Huntington Beach,54:21.7
CA,Huntington Park,54:22.5
CA,Imperial Beach,54:23.3
CA,Joshua Tree,54:37.0
CA,King City,54:41.8
CA,La Crescenta,54:44.3
CA,La Habra,54:45.1
CA,La Mesa,54:45.9
CA,La Mirada,54:46.7
CA,Laguna Beach,54:50.0
CA,Laguna Hills,54:50.8
CA,Laguna Niguel,54:51.7
CA,Lake Elsinore,54:52.5
CA,Lake Forest,54:53.3
CA,Lake Isabella,54:54.2
CA,Lemon Grove,55:09.4
CA,Loma Linda,55:27.6
CA,Lone Pine,55:32.7
CA,Long Beach,55:33.6
CA,Los Altos,55:34.3
CA,Los Angeles,55:35.1
CA,Los Banos,55:35.9
CA,Los Gatos,55:36.7
CA,Los Osos,55:37.5
CA,Lower Lake,55:38.4
CA,Manhattan Beach,55:40.9
CA,Menlo Park,55:54.9
CA,Midway City,56:01.2
CA,Mill Valley,56:02.0
CA,Mira Loma,56:06.4
CA,Mission Hills,56:07.1
CA,Mission Viejo,56:07.9
CA,Monterey Park,56:31.4
CA,Moreno Valley,56:34.0
CA,Morgan Hill,56:34.8
CA,Morro Bay,56:35.6
CA,Mount Shasta,56:36.5
CA,Mountain View,56:37.3
CA,Myers Flat,56:39.9
CA,National City,56:44.9
CA,Nevada City,56:48.3
CA,Newbury Park,56:50.7
CA,Newport Beach,56:55.0
CA,North Hollywood,56:59.6
CA,Pacific Grove,58:13.3
CA,Palm Desert,58:17.5
CA,Palm Springs,58:18.4
CA,Palo Alto,58:24.4
CA,Palo Cedro,58:25.1
CA,Paso Robles,58:40.2
CA,Pico Rivera,58:49.8
CA,Pine Grove,58:50.6
CA,Pleasant Hill,58:58.4
CA,Rancho Cucamonga,59:16.0
CA,Rancho Mirage,59:16.7
CA,Rancho Palos Verdes,59:17.6
CA,Red Bluff,59:18.3
CA,Redondo Beach,59:25.3
CA,Redwood City,59:26.1
CA,Rio Vista,59:41.6
CA,Rough And Ready,00:07.5
CA,Saint Helena,00:24.9
CA,San Andreas,00:29.2
CA,San Anselmo,00:30.2
CA,San Bernardino,00:31.0
CA,San Bruno,00:31.8
CA,San Clemente,00:32.7
CA,San Diego,00:33.5
CA,San Fernando,00:34.3
CA,San Francisco,00:35.1
CA,San Gabriel,00:35.9
CA,San Jacinto,00:36.7
CA,San Jose,00:37.5
CA,San Juan Capistrano,00:38.3
CA,San Leandro,00:39.2
CA,San Lorenzo,00:40.0
CA,San Luis Obispo,00:40.9
CA,San Marcos,00:41.7
CA,San Mateo,00:42.5
CA,San Pablo,00:43.3
CA,San Pedro,00:44.1
CA,San Rafael,00:44.9
CA,San Ramon,00:45.7
CA,Santa Ana,00:49.1
CA,Santa Barbara,00:49.9
CA,Santa Clara,00:50.6
CA,Santa Cruz,00:51.4
CA,Santa Fe Springs,00:52.3
CA,Santa Maria,00:53.1
CA,Santa Monica,00:54.0
CA,Santa Paula,00:54.7
CA,Santa Rosa,00:55.5
CA,Sherman Oaks,01:11.8
CA,Simi Valley,01:12.7
CA,South Gate,01:21.2
CA,South Lake Tahoe,01:22.0
CA,South San Francisco,01:22.9
CA,Spring Valley,01:23.7
CA,Sun City,01:37.5
CA,Temple City,01:50.3
CA,Thousand Oaks,01:51.1
CA,Twentynine Palms,02:12.1
CA,Union City,02:15.6
CA,Valley Springs,02:30.3
CA,Van Nuys,02:31.1
CA,Walnut Creek,02:51.7
CA,West Covina,02:56.9
CA,West Hollywood,02:57.8
CA,West Sacramento,02:58.5
CA,Westlake Village,02:59.3
CA,Yorba Linda,03:18.4
CA,Yuba City,03:20.9
CA,Yucca Valley,03:24.4
CO,Buena Vista,03:46.3
CO,Canon City,03:48.8
CO,Castle Rock,03:50.1
CO,Cheyenne Wells,03:52.6
CO,Colorado Springs,03:53.4
CO,Commerce City,03:54.2
CO,Idaho Springs,04:15.4
CO,Kit Carson,04:19.6
CO,La Junta,04:20.5
CO,Las Animas,04:35.6
CO,Monte Vista,04:59.0
CO,Pagosa Springs,05:06.0
CO,Rocky Ford,05:24.6
CO,Steamboat Springs,05:28.9
CO,Wheat Ridge,05:42.6
CT,East Hampton,06:42.6
CT,East Hartford,06:43.4
CT,East Haven,06:44.2
CT,East Windsor,06:46.1
CT,Jewett City,07:17.2
CT,New Britain,07:46.0
CT,New Canaan,07:46.8
CT,New Hartford,07:47.7
CT,New Haven,07:48.5
CT,New London,07:49.3
CT,New Milford,07:50.1
CT,North Branford,07:59.2
CT,North Haven,08:00.1
CT,Old Lyme,08:10.5
CT,Old Saybrook,08:11.3
CT,Rocky Hill,08:25.9
CT,South Windsor,08:38.2
CT,Stafford Springs,08:42.5
CT,Vernon Rockville,09:17.4
CT,West Haven,09:25.1
CT,West Suffield,09:26.0
DE,Delaware City,09:51.0
DE,New Castle,10:33.0
DE,Ocean View,10:40.5
FL,Altamonte Springs,11:10.9
FL,Avon Park,11:33.3
FL,Belle Glade,11:38.4
FL,Beverly Hills,11:41.0
FL,Big Pine Key,11:41.8
FL,Boca Raton,11:46.1
FL,Bonita Springs,11:49.7
FL,Boynton Beach,11:50.5
FL,Cape Coral,12:15.4
FL,Cocoa Beach,12:52.0
FL,Coconut Creek,12:52.8
FL,Coral Springs,12:53.6
FL,Crescent City,12:56.2
FL,Cross City,13:01.3
FL,Crystal River,13:02.2
FL,Dade City,13:03.0
FL,Daytona Beach,13:06.4
FL,Deerfield Beach,13:09.5
FL,Defuniak Springs,13:10.4
FL,Delray Beach,13:19.9
FL,Fernandina Beach,13:45.0
FL,Flagler Beach,13:45.8
FL,Floral City,13:46.6
FL,Fort Lauderdale,13:47.4
FL,Fort Meade,13:48.3
FL,Fort Myers,13:49.1
FL,Fort Pierce,13:50.0
FL,Fort Walton Beach,13:50.7
FL,Green Cove Springs,14:04.9
FL,Gulf Breeze,14:07.3
FL,Haines City,14:08.1
FL,High Springs,14:24.5
FL,Jacksonville Beach,15:45.2
FL,Jensen Beach,15:52.0
FL,Key Largo,15:57.5
FL,Key West,15:58.4
FL,Keystone Heights,15:59.3
FL,Lady Lake,16:08.7
FL,Lake Alfred,16:09.6
FL,Lake Butler,16:10.5
FL,Lake City,16:11.4
FL,Lake Placid,16:12.2
FL,Lake Wales,16:13.1
FL,Lake Worth,16:13.9
FL,Land O Lakes,16:24.8
FL,Lehigh Acres,16:31.8
FL,Live Oak,16:32.6
FL,Lynn Haven,16:43.2
FL,Marco Island,16:51.8
FL,Merritt Island,17:09.1
FL,Miami Beach,17:48.3
FL,Mount Dora,18:00.6
FL,New Port Richey,18:11.5
FL,New Smyrna Beach,18:12.3
FL,North Miami Beach,18:19.1
FL,North Palm Beach,18:20.0
FL,North Port,18:21.0
FL,Opa Locka,18:45.6
FL,Orange City,18:46.4
FL,Orange Park,18:47.3
FL,Ormond Beach,19:19.6
FL,Palm Bay,19:31.4
FL,Palm Coast,19:32.2
FL,Palm Harbor,19:33.0
FL,Panama City,19:38.2
FL,Pembroke Pines,19:39.0
FL,Pinellas Park,19:56.5
FL,Plant City,19:57.4
FL,Pompano Beach,19:58.2
FL,Port Charlotte,19:59.0
FL,Port Orange,19:59.8
FL,Port Richey,20:00.6
FL,Port Saint Joe,20:01.4
FL,Port Saint Lucie,20:02.3
FL,Punta Gorda,20:03.1
FL,Saint Augustine,20:25.5
FL,Saint Cloud,20:26.3
FL,Saint Petersburg,20:27.1
FL,Spring Hill,20:54.8
FL,Sun City Center,21:13.9
FL,Tarpon Springs,22:00.1
FL,Vero Beach,22:18.4
FL,West Palm Beach,22:21.9
FL,Winter Garden,22:29.4
FL,Winter Haven,22:30.2
FL,Winter Park,22:31.0
FL,Winter Springs,22:31.8
GA,Blue Ridge,24:53.5
GA,Buena Vista,25:16.7
GA,Forest Park,28:56.9
GA,Fort Gaines,29:01.1
GA,Fort Oglethorpe,29:02.0
GA,Fort Valley,29:02.8
GA,La Fayette,30:48.0
GA,Lake Park,30:53.1
GA,Mc Rae,31:58.7
GA,Peachtree City,32:59.0
GA,Powder Springs,33:16.9
GA,Richmond Hill,33:31.3
GA,Rocky Face,33:43.3
GA,Saint Marys,34:00.6
GA,Social Circle,34:29.3
GA,Stone Mountain,34:44.1
GA,Tunnel Hill,35:40.8
GA,Union Point,35:44.7
GA,Villa Rica,35:58.5
GA,Warner Robins,36:02.8
GA,West Point,36:23.4
HI,Kailua Kona,36:57.7
HI,Pearl City,37:08.1
ID,American Falls,37:14.1
ID,Bonners Ferry,37:30.4
ID,Coeur d Alene,37:38.1
ID,Garden City,37:46.8
ID,Idaho Falls,37:56.3
ID,Malad City,38:07.3
ID,Mountain Home,38:16.6
ID,New Plymouth,38:21.0
ID,Post Falls,38:32.2
ID,Priest River,38:34.8
ID,Saint Anthony,38:40.9
ID,Saint Maries,38:41.8
ID,Soda Springs,38:49.3
ID,Twin Falls,38:50.1
IL,Alto Pass,39:24.7
IL,Arlington Heights,39:43.5
IL,Blue Island,41:07.9
IL,Blue Mound,41:08.7
IL,Buffalo Grove,41:35.3
IL,Bunker Hill,41:36.1
IL,Calumet City,41:46.4
IL,Camp Point,41:48.9
IL,Carol Stream,42:10.2
IL,Carrier Mills,42:11.0
IL,Cave in Rock,42:25.8
IL,Cerro Gordo,42:31.5
IL,Chicago Heights,45:03.7
IL,Cissna Park,45:14.3
IL,Clay City,45:15.1
IL,Coal City,45:22.8
IL,Coal Valley,45:23.7
IL,Country Club Hills,45:40.8
IL,Creve Coeur,45:44.2
IL,Crystal Lake,45:46.7
IL,Dallas City,45:54.5
IL,De Land,46:03.6
IL,Des Plaines,46:17.2
IL,Downers Grove,46:31.3
IL,Du Quoin,46:32.1
IL,East Alton,46:43.4
IL,East Dubuque,46:44.2
IL,East Moline,46:45.8
IL,East Peoria,46:46.6
IL,East Saint Louis,46:47.4
IL,El Paso,47:02.6
IL,Elk Grove Village,47:14.9
IL,Elmwood Park,47:21.7
IL,Evergreen Park,47:37.5
IL,Fairview Heights,47:44.4
IL,Farmer City,47:45.2
IL,Flat Rock,47:56.3
IL,Forest Park,48:00.7
IL,Fox Lake,48:05.0
IL,Franklin Park,48:10.1
IL,German Valley,48:41.4
IL,Gibson City,48:43.9
IL,Glen Carbon,48:51.5
IL,Glen Ellyn,48:52.3
IL,Glendale Heights,48:53.2
IL,Grand Ridge,49:10.7
IL,Granite City,49:11.5
IL,Grant Park,49:12.3
IL,Hazel Crest,49:54.3
IL,Hickory Hills,50:08.1
IL,Highland Park,50:11.5
IL,Johnston City,50:54.3
IL,La Grange,51:28.8
IL,La Harpe,51:29.6
IL,La Moille,51:30.5
IL,La Salle,51:31.3
IL,Lake Forest,51:33.9
IL,Lake Villa,51:34.7
IL,Lake Zurich,51:35.5
IL,Le Roy,51:43.3
IL,Loves Park,52:22.8
IL,Machesney Park,52:25.3
IL,Mason City,53:03.4
IL,Mc Leansboro,53:08.5
IL,Melrose Park,53:15.4
IL,Morton Grove,54:10.3
IL,Mound City,54:11.2
IL,Mount Carmel,54:13.7
IL,Mount Carroll,54:14.5
IL,Mount Morris,54:15.2
IL,Mount Olive,54:16.0
IL,Mount Prospect,54:16.9
IL,Mount Pulaski,54:17.7
IL,Mount Sterling,54:18.5
IL,Mount Vernon,54:19.3
IL,Mt Zion,54:21.8
IL,Mulberry Grove,54:22.6
IL,New Athens,54:37.3
IL,New Baden,54:38.1
IL,New Berlin,54:38.9
IL,New Douglas,54:39.7
IL,New Lenox,54:40.5
IL,Norris City,54:55.7
IL,North Chicago,54:56.6
IL,O Fallon,55:00.7
IL,Oak Forest,55:01.5
IL,Oak Lawn,55:02.3
IL,Oak Park,55:03.1
IL,Orland Park,55:32.9
IL,Palos Heights,55:44.8
IL,Palos Hills,55:46.1
IL,Park Forest,55:53.9
IL,Park Ridge,55:54.7
IL,Paw Paw,55:57.3
IL,Pearl City,56:06.7
IL,Piper City,56:32.4
IL,Pleasant Hill,56:42.6
IL,Port Byron,56:51.2
IL,Red Bud,57:15.2
IL,Rock Falls,57:38.5
IL,Rock Island,57:39.3
IL,Rolling Meadows,57:53.4
IL,Saint Anne,58:15.4
IL,Saint Charles,58:16.3
IL,Saint Elmo,58:17.1
IL,Saint Francisville,58:17.9
IL,Saint Jacob,58:18.7
IL,Saint Joseph,58:19.5
IL,Saint Libory,58:20.3
IL,Saint Peter,58:21.1
IL,San Jose,58:24.6
IL,Scales Mound,58:37.2
IL,South Holland,59:17.6
IL,Spring Grove,59:20.4
IL,Spring Valley,59:21.2
IL,Stillman Valley,59:42.4
IL,Sugar Grove,59:53.6
IL,Summit Argo,59:57.1
IL,Tinley Park,00:16.8
IL,Villa Grove,00:45.2
IL,Villa Park,00:46.0
IL,Wayne City,01:21.9
IL,West Chicago,01:26.6
IL,West Frankfort,01:27.3
IL,West Salem,01:28.2
IL,West Union,01:29.0
IL,White Hall,01:42.1
IL,Wood Dale,01:59.4
IL,Wood River,02:00.2
IN,Beech Grove,03:09.5
IN,Bunker Hill,03:53.2
IN,Cambridge City,03:58.5
IN,Cedar Lake,04:08.7
IN,Columbia City,04:32.5
IN,Crown Point,04:55.8
IN,East Chicago,05:33.0
IN,Fort Branch,06:19.7
IN,Fort Wayne,06:20.5
IN,Fountain City,06:23.9
IN,French Lick,06:40.2
IN,Gas City,06:54.7
IN,Hartford City,07:40.5
IN,La Fontaine,08:58.9
IN,La Porte,09:00.3
IN,Lake Station,09:11.0
IN,Michigan City,10:03.9
IN,Moores Hill,10:32.2
IN,Mount Vernon,10:40.0
IN,New Albany,10:54.8
IN,New Carlisle,10:55.6
IN,New Castle,10:56.4
IN,New Harmony,10:57.2
IN,New Washington,10:57.9
IN,North Judson,11:00.5
IN,North Liberty,11:01.4
IN,North Manchester,11:02.2
IN,North Salem,11:03.1
IN,North Vernon,11:03.8
IN,Oakland City,11:04.7
IN,Rising Sun,12:08.7
IN,Saint John,12:29.7
IN,Saint Paul,12:30.6
IN,Silver Lake,12:59.9
IN,South Bend,13:00.8
IN,South Whitley,13:01.5
IN,St Lauramie,13:05.8
IN,Tell City,13:15.5
IN,Terre Haute,13:16.3
IN,Union City,13:22.3
IN,West Lafayette,14:05.7
IN,West Terre Haute,14:06.6
IA,Albert City,15:00.6
IA,Battle Creek,15:41.3
IA,Belle Plaine,15:48.1
IA,Cedar Falls,16:37.3
IA,Cedar Rapids,16:38.1
IA,Center Point,16:38.9
IA,Central City,16:42.3
IA,Charles City,16:45.7
IA,Charter Oak,16:46.5
IA,Clear Lake,16:59.1
IA,Coon Rapids,17:13.6
IA,Council Bluffs,17:24.0
IA,Dallas Center,17:27.5
IA,Des Moines,17:43.8
IA,Eagle Grove,18:08.9
IA,Fort Atkinson,18:48.7
IA,Fort Dodge,18:49.5
IA,Fort Madison,18:50.3
IA,Gilmore City,18:59.9
IA,Grand Junction,19:10.1
IA,Grand Mound,19:10.9
IA,Guthrie Center,19:23.2
IA,Holy Cross,19:36.8
IA,Ida Grove,19:46.3
IA,Iowa City,19:53.1
IA,Iowa Falls,19:53.9
IA,La Porte City,20:15.5
IA,Lake City,20:18.1
IA,Lake Mills,20:18.9
IA,Lake Park,20:19.7
IA,Lake View,20:20.5
IA,Lime Springs,20:33.3
IA,Little Rock,20:35.9
IA,Lost Nation,20:41.8
IA,Lu Verne,20:44.3
IA,Mason City,21:15.5
IA,Mc Gregor,21:19.8
IA,Missouri Valley,21:29.7
IA,Morning Sun,21:40.6
IA,Mount Ayr,21:44.4
IA,Mount Pleasant,21:45.2
IA,Mount Vernon,21:46.0
IA,New Hampton,21:53.8
IA,New London,21:54.6
IA,New Sharon,21:55.4
IA,Nora Springs,22:00.6
IA,Orange City,22:14.6
IA,Oxford Junction,22:26.6
IA,Prairie City,22:49.3
IA,Red Oak,23:01.8
IA,Rock Rapids,23:19.2
IA,Rock Valley,23:20.0
IA,Rockwell City,23:20.8
IA,Sac City,23:29.2
IA,Saint Ansgar,23:30.1
IA,Shell Rock,23:43.8
IA,Sioux Center,23:53.5
IA,Sioux City,23:54.3
IA,Sioux Rapids,23:55.2
IA,Spirit Lake,24:04.6
IA,State Center,24:05.4
IA,Storm Lake,24:06.2
IA,Story City,24:07.0
IA,Strawberry Point,24:10.2
IA,Swea City,24:17.1
IA,Wall Lake,24:46.2
IA,Webster City,25:07.5
IA,West Bend,25:13.4
IA,West Branch,25:14.3
IA,West Liberty,25:15.1
IA,West Point,25:15.9
IA,West Union,25:16.7
IA,What Cheer,25:17.5
KS,Arkansas City,25:53.3
KS,Baldwin City,26:06.0
KS,Baxter Springs,26:06.8
KS,Blue Rapids,26:12.8
KS,Bonner Springs,26:13.7
KS,Cawker City,26:25.7
KS,Clay Center,26:38.0
KS,Conway Springs,27:03.0
KS,Cottonwood Falls,27:03.8
KS,Council Grove,27:04.6
KS,De Soto,27:05.4
KS,Dodge City,27:09.6
KS,El Dorado,27:15.6
KS,Fort Scott,27:31.1
KS,Garden City,27:41.0
KS,Garden Plain,27:41.9
KS,Great Bend,27:53.8
KS,Hill City,28:19.0
KS,Junction City,28:55.5
KS,Kansas City,28:56.3
KS,La Crosse,29:02.5
KS,La Cygne,29:03.3
KS,Arkansas%20City,37:40.8
KS,Arkansas%20City,37:53.9
KY,Beaver Dam,50:22.8
KY,Bowling Green,50:48.8
KY,Cave City,51:28.8
KY,Central City,51:29.7
KY,Clay City,51:34.4
KY,Cold Spring,51:39.1
KY,Dawson Springs,52:11.1
KY,Dry Ridge,52:14.0
KY,Elk Horn,52:27.2
KY,Fort Thomas,52:53.6
KY,Fountain Run,52:54.8
KY,Horse Cave,54:18.5
KY,La Center,54:44.0
KY,La Grange,54:45.0
KY,Lebanon Junction,54:54.4
KY,Mc Kee,56:24.2
KY,Mount Olivet,56:45.3
KY,Mount Sterling,56:46.4
KY,Mount Vernon,56:47.4
KY,Mount Washington,56:48.2
KY,New Castle,56:59.8
KY,New Haven,57:00.7
KY,Olive Hill,57:11.7
KY,Park City,57:42.7
KY,Pine Knot,57:55.4
KY,Russell Springs,58:16.5
KY,Salt Lick,58:24.4
KY,Sandy Hook,58:28.3
KY,Science Hill,58:29.2
KY,South Shore,58:56.5
KY,Summer Shade,59:08.5
KY,Vine Grove,59:32.6
KY,West Liberty,59:57.2
KY,Whitley City,00:03.2
LA,Baton Rouge,00:55.7
LA,Bossier City,01:05.1
LA,Breaux Bridge,01:06.0
LA,Church Point,01:16.8
LA,Cut Off,01:37.7
LA,Denham Springs,01:41.3
LA,Grand Coteau,02:23.2
LA,Krotz Springs,03:28.0
LA,La Place,03:28.9
LA,Lake Arthur,03:39.6
LA,Lake Charles,03:40.4
LA,Lake Providence,03:41.4
LA,Morgan City,04:44.9
LA,New Iberia,04:50.5
LA,New Orleans,04:51.4
LA,New Roads,04:52.2
LA,Oak Grove,04:56.9
LA,Pearl River,05:09.6
LA,Pine Prairie,05:10.4
LA,Plain Dealing,05:14.1
LA,Port Allen,05:22.3
LA,Port Barre,05:23.4
LA,Saint Martinville,05:43.4
LA,Ville Platte,06:16.6
LA,West Monroe,06:25.1
ME,Bar Harbor,06:54.7
ME,Blue Hill,07:09.4
ME,Bryant Pond,07:17.6
ME,Dover Foxcroft,07:43.5
ME,East Millinocket,07:44.4
ME,Fort Fairfield,07:55.4
ME,Fort Kent,07:56.3
ME,Lisbon Falls,08:32.3
ME,Livermore Falls,08:33.3
ME,Mechanic Falls,08:41.6
ME,Mount Desert,08:48.4
ME,North Berwick,08:52.2
ME,Old Orchard Beach,08:55.1
ME,Old Town,08:55.9
ME,Presque Isle,09:04.3
ME,South Berwick,09:22.3
ME,South Paris,09:23.2
ME,South Portland,09:24.2
ME,Van Buren,09:32.6
MD,Bel Air,11:07.7
MD,Charlotte Hall,11:33.5
MD,Chesapeake City,11:34.5
MD,Clear Spring,11:40.2
MD,Deal Island,11:56.2
MD,Ellicott City,12:13.6
MD,Forest Hill,12:19.2
MD,Glen Burnie,12:41.5
MD,Havre De Grace,12:58.7
MD,Indian Head,13:04.2
MD,La Plata,13:10.6
MD,Mount Airy,13:25.5
MD,New Windsor,13:30.1
MD,North East,13:31.0
MD,Owings Mills,13:38.4
MD,Oxon Hill,13:39.3
MD,Pocomoke City,13:47.0
MD,Port Republic,13:47.9
MD,Prince Frederick,13:48.8
MD,Princess Anne,13:49.7
MD,Rock Hall,13:58.3
MD,Saint Michaels,14:03.8
MD,Severna Park,14:12.6
MD,Silver Spring,14:13.6
MD,Snow Hill,14:16.4
MD,Temple Hills,14:29.3
MD,Union Bridge,14:34.9
MD,White Plains,14:46.6
MA,East Bridgewater,16:30.0
MA,East Longmeadow,16:30.9
MA,Fall River,16:44.1
MA,Great Barrington,17:15.3
MA,Indian Orchard,17:57.9
MA,Marstons Mills,19:16.6
MA,New Bedford,20:14.2
MA,North Adams,20:26.2
MA,North Andover,20:27.1
MA,North Attleboro,20:28.1
MA,North Brookfield,20:29.0
MA,North Chelmsford,20:29.8
MA,North Easton,20:30.7
MA,North Grafton,20:31.6
MA,North Reading,20:32.5
MA,Shelburne Falls,21:35.0
MA,South Deerfield,21:47.2
MA,South Dennis,21:48.1
MA,South Easton,21:49.0
MA,South Grafton,21:49.9
MA,South Hadley,21:50.8
MA,South Yarmouth,21:52.0
MA,Three Rivers,22:48.5
MA,Turners Falls,22:51.2
MA,West Boylston,23:36.5
MA,West Brookfield,23:37.4
MA,West Harwich,23:38.3
MA,West Springfield,23:39.3
MI,Allen Park,25:01.5
MI,Ann Arbor,25:13.8
MI,Au Gres,25:16.7
MI,Auburn Hills,25:19.4
MI,Bad Axe,25:23.9
MI,Bark River,25:30.1
MI,Battle Creek,25:32.7
MI,Bay City,25:33.6
MI,Bear Lake,25:34.6
MI,Benton Harbor,25:52.1
MI,Berrien Springs,25:56.6
MI,Big Rapids,26:01.3
MI,Boyne City,26:07.7
MI,Brown City,26:19.9
MI,Bruce Crossing,26:20.7
MI,Byron Center,26:26.3
MI,Carson City,26:44.5
MI,Cass City,26:48.9
MI,Cedar Springs,26:52.0
MI,Center Line,26:53.0
MI,Central Lake,26:54.0
MI,Clinton Township,27:24.9
MI,Crystal Falls,27:47.8
MI,Dearborn Heights,27:57.6
MI,East Jordan,29:01.6
MI,East Lansing,29:02.4
MI,Eaton Rapids,29:06.2
MI,Eau Claire,29:07.1
MI,Elk Rapids,29:13.3
MI,Flat Rock,29:43.6
MI,Garden City,30:21.4
MI,Grand Blanc,30:32.9
MI,Grand Haven,30:33.7
MI,Grand Ledge,30:34.6
MI,Grand Rapids,30:35.5
MI,Grass Lake,30:40.9
MI,Grosse Pointe,30:47.5
MI,Harbor Beach,31:06.3
MI,Harbor Springs,31:07.1
MI,Hazel Park,31:18.1
MI,Houghton Lake,31:42.4
MI,Howard City,31:43.3
MI,Imlay City,31:53.7
MI,Indian River,31:54.6
MI,Iron Mountain,32:00.1
MI,Iron River,32:01.0
MI,Keego Harbor,32:37.2
MI,Lake City,32:51.5
MI,Lake Linden,32:52.4
MI,Lake Odessa,32:53.6
MI,Lake Orion,32:54.4
MI,Lincoln Park,33:18.5
MI,Madison Heights,33:38.9
MI,Maple Rapids,33:49.9
MI,Marine City,33:52.7
MI,Mc Bain,34:10.7
MI,Michigan Center,34:23.0
MI,Minden City,34:38.1
MI,Mount Clemens,34:46.1
MI,Mount Morris,34:47.0
MI,Mount Pleasant,34:47.9
MI,New Baltimore,35:07.9
MI,New Buffalo,35:08.8
MI,New Haven,35:09.7
MI,New Lothrop,35:10.6
MI,North Adams,35:18.5
MI,North Branch,35:19.5
MI,Oak Park,35:26.0
MI,Paw Paw,35:49.0
MI,Pleasant Ridge,36:06.1
MI,Port Huron,36:14.9
MI,Reed City,36:32.9
MI,River Rouge,36:41.8
MI,Rogers City,36:52.2
MI,Rose City,36:59.6
MI,Royal Oak,37:04.0
MI,Saint Charles,37:18.3
MI,Saint Clair,37:19.2
MI,Saint Clair Shores,37:20.1
MI,Saint Ignace,37:21.1
MI,Saint Johns,37:21.9
MI,Saint Joseph,37:22.8
MI,Saint Louis,37:23.6
MI,Sault Sainte Marie,37:33.0
MI,South Haven,37:43.3
MI,South Lyon,37:44.2
MI,South Range,37:45.2
MI,Spring Lake,37:54.8
MI,Sterling Heights,38:04.2
MI,Suttons Bay,38:13.7
MI,Tawas City,38:14.5
MI,Three Oaks,38:29.2
MI,Three Rivers,38:30.1
MI,Traverse City,38:31.1
MI,Union City,38:42.6
MI,Walled Lake,38:55.6
MI,West Branch,39:14.0
MI,White Cloud,39:18.7
MI,White Lake,39:19.6
MI,White Pigeon,39:20.5
MN,Albert Lea,39:50.3
MN,Apple Valley,39:59.8
MN,Battle Lake,40:22.3
MN,Belle Plaine,40:31.4
MN,Bird Island,40:40.8
MN,Blooming Prairie,40:47.5
MN,Blue Earth,40:51.1
MN,Brooklyn Park,41:01.4
MN,Browns Valley,41:04.3
MN,Cannon Falls,41:18.0
MN,Cass Lake,41:18.9
MN,Clara City,41:25.3
MN,Clear Lake,41:30.0
MN,Cold Spring,41:39.2
MN,Coon Rapids,41:42.1
MN,Cottage Grove,41:43.0
MN,Deer River,41:56.1
MN,Detroit Lakes,41:59.0
MN,Dodge Center,41:59.9
MN,Eagle Bend,42:12.1
MN,East Grand Forks,42:13.0
MN,Eden Prairie,42:17.1
MN,Eden Valley,42:18.1
MN,Elbow Lake,42:21.9
MN,Elk River,42:22.8
MN,Fergus Falls,42:45.9
MN,Forest Lake,42:50.7
MN,Grand Marais,43:10.3
MN,Grand Meadow,43:11.2
MN,Grand Rapids,43:12.1
MN,Granite Falls,43:13.1
MN,Heron Lake,43:37.3
MN,Howard Lake,43:55.0
MN,International Falls,43:57.9
MN,Inver Grove Heights,43:58.8
MN,La Crescent,44:22.0
MN,Lake Benton,44:22.9
MN,Lake City,44:23.8
MN,Lake Crystal,44:24.7
MN,Lake Lillian,44:25.6
MN,Lake Park,44:28.4
MN,Le Center,44:36.8
MN,Le Roy,44:37.7
MN,Le Sueur,44:38.6
MN,Lester Prairie,44:39.6
MN,Little Falls,44:46.3
MN,Long Lake,44:47.2
MN,Long Prairie,44:48.1
MN,Maple Lake,45:07.1
MN,Maple Plain,45:08.0
MN,Middle River,45:21.7
MN,Moose Lake,45:58.8
MN,Mountain Lake,46:09.2
MN,New London,46:11.8
MN,New Prague,46:12.9
MN,New Richland,46:13.7
MN,New Ulm,46:14.6
MN,New York Mills,46:15.4
MN,North Branch,46:18.1
MN,North Mankato,46:19.0
MN,Park Rapids,46:41.0
MN,Parkers Prairie,46:41.8
MN,Pelican Rapids,46:45.5
MN,Pequot Lakes,46:46.3
MN,Pine City,46:52.1
MN,Pine Island,46:53.0
MN,Pine River,46:54.0
MN,Prior Lake,47:03.8
MN,Red Lake Falls,47:06.5
MN,Red Wing,47:07.6
MN,Redwood Falls,47:08.5
MN,Rush City,47:22.0
MN,Sacred Heart,47:24.8
MN,Saint Charles,47:25.8
MN,Saint Cloud,47:26.6
MN,Saint James,47:27.4
MN,Saint Joseph,47:28.2
MN,Saint Louis Park,47:29.1
MN,Saint Michael,47:30.1
MN,Saint Paul,47:31.0
MN,Saint Peter,47:32.0
MN,Sauk Centre,47:36.5
MN,Sauk Rapids,47:37.5
MN,Silver Lake,47:46.1
MN,Sleepy Eye,47:48.8
MN,South Saint Paul,47:49.7
MN,Spring Grove,47:52.6
MN,Spring Valley,47:53.5
MN,Thief River Falls,48:12.2
MN,Twin Valley,48:21.6
MN,Two Harbors,48:22.4
MN,Walnut Grove,48:49.3
MN,West Concord,49:08.1
MS,Bay Saint Louis,49:55.9
MS,Bay Springs,49:56.8
MS,Calhoun City,50:37.5
MS,Crystal Springs,51:52.2
MS,De Kalb,51:53.1
MS,Holly Springs,53:12.3
MS,Long Beach,54:03.7
MS,Moss Point,55:08.3
MS,Mound Bayou,55:09.1
MS,Mount Olive,55:10.1
MS,New Albany,55:20.5
MS,Olive Branch,55:28.1
MS,Port Gibson,56:03.3
MO,Appleton City,56:30.3
MO,Ash Grove,56:37.1
MO,Blue Springs,58:12.6
MO,Bonne Terre,58:17.5
MO,Bowling Green,58:26.8
MO,Burlington Junction,58:56.6
MO,Cape Girardeau,59:22.5
MO,Carl Junction,59:23.2
MO,Cedar Hill,59:33.9
MO,Cole Camp,00:13.9
MO,De Soto,00:40.3
MO,East Prairie,00:56.0
MO,El Dorado Springs,01:01.5
MO,Excelsior Springs,01:18.1
MO,Garden City,01:55.4
MO,Gilman City,02:00.9
MO,Golden City,02:05.6
MO,Grain Valley,02:10.0
MO,Grant City,02:15.4
MO,Green City,02:16.3
MO,Hawk Point,02:37.2
MO,Holts Summit,02:58.1
MO,Jefferson City,03:28.6
MO,Kansas City,03:40.0
MO,Kimberling City,03:45.6
MO,King City,03:46.5
MO,Knob Noster,03:50.8
MO,La Belle,03:51.7
MO,La Grange,03:52.6
MO,La Monte,03:53.4
MO,La Plata,03:54.2
MO,Lees Summit,04:14.6
MO,Marble Hill,04:49.9
MO,Monroe City,05:36.8
MO,Montgomery City,05:37.7
MO,Moscow Mills,05:43.2
MO,Mound City,05:44.1
MO,Mount Vernon,05:45.0
MO,Mountain Grove,05:45.8
MO,Mountain View,05:46.8
MO,New Cambria,05:54.3
MO,New Florence,05:55.2
MO,New Franklin,05:56.1
MO,New Haven,05:57.0
MO,New Madrid,05:57.8
MO,O Fallon,06:06.5
MO,Oak Grove,06:07.4
MO,Park Hills,06:31.1
MO,Pierce City,06:48.0
MO,Pilot Knob,06:48.8
MO,Platte City,06:51.6
MO,Pleasant Hill,06:54.2
MO,Poplar Bluff,06:57.1
MO,Prairie Home,07:02.6
MO,Queen City,07:09.2
MO,Rich Hill,07:16.0
MO,Rock Port,07:24.6
MO,Saint Ann,07:34.8
MO,Saint Charles,07:35.9
MO,Saint Clair,07:36.8
MO,Saint Elizabeth,07:37.7
MO,Saint James,07:38.7
MO,Saint Joseph,07:39.6
MO,Saint Louis,07:40.7
MO,Saint Peters,07:41.5
MO,Sainte Genevieve,07:42.4
MO,Schell City,07:52.9
MO,Scott City,07:54.1
MO,Shell Knob,08:09.5
MO,South West City,08:22.2
MO,Sweet Springs,09:02.8
MO,Van Buren,09:30.4
MO,Walnut Grove,09:41.8
MO,Webb City,10:03.8
MO,West Plains,10:12.7
MO,Willow Springs,10:23.9
MO,Wright City,10:32.5
MT,Big Timber,10:42.7
MT,Columbia Falls,11:11.5
MT,Cut Bank,11:18.2
MT,Deer Lodge,11:19.1
MT,East Helena,11:21.8
MT,Fort Benton,11:28.7
MT,Great Falls,11:33.5
MT,Lame Deer,11:54.5
MT,Miles City,12:06.6
MT,Red Lodge,12:21.4
MT,Saint Ignatius,12:26.1
MT,Three Forks,12:38.5
MT,Twin Bridges,12:42.1
MT,White Sulphur Springs,12:44.9
MT,Wolf Creek,12:51.8
NE,Battle Creek,13:24.1
NE,Beaver City,13:30.8
NE,Beaver Crossing,13:31.7
NE,Blue Hill,13:45.4
NE,Broken Bow,13:50.9
NE,Cedar Bluffs,14:05.4
NE,Cedar Rapids,14:06.2
NE,Central City,14:07.0
NE,Clay Center,14:14.1
NE,David City,14:37.0
NE,De Witt,14:37.9
NE,Falls City,14:58.6
NE,Fort Calhoun,15:01.4
NE,Grand Island,15:25.1
NE,Hay Springs,15:40.1
NE,La Vista,16:11.6
NE,Loup City,16:27.9
NE,Mc Cook,16:34.7
NE,Nebraska City,16:45.0
NE,Newman Grove,16:49.6
NE,North Bend,16:57.1
NE,North Platte,16:58.2
NE,Pawnee City,17:38.9
NE,Red Cloud,17:59.9
NE,Saint Edward,18:02.9
NE,Saint Paul,18:03.9
NE,South Sioux City,18:19.9
NE,Weeping Water,19:01.5
NE,West Point,19:02.4
NE,Wood River,19:10.8
NV,Carson City,19:20.0
NV,Las Vegas,19:32.3
NH,Center Ossipee,20:17.8
NH,New London,21:54.1
NH,North Conway,21:58.8
NH,North Woodstock,21:59.7
NJ,Asbury Park,22:48.4
NJ,Atlantic City,22:51.1
NJ,Atlantic Highlands,22:51.9
NJ,Basking Ridge,23:07.0
NJ,Berkeley Heights,23:44.4
NJ,Bound Brook,24:15.1
NJ,Browns Mills,24:33.0
NJ,Cape May,24:55.4
NJ,Cape May Court House,24:56.2
NJ,Cedar Grove,25:03.1
NJ,Cherry Hill,25:08.6
NJ,Cliffside Park,25:19.0
NJ,East Brunswick,26:00.9
NJ,East Hanover,26:01.9
NJ,East Orange,26:02.8
NJ,Egg Harbor City,26:10.4
NJ,Elmwood Park,26:25.7
NJ,Fair Lawn,26:29.4
NJ,Florham Park,26:40.7
NJ,Forked River,26:45.6
NJ,Fort Lee,26:46.5
NJ,Franklin Lakes,26:49.3
NJ,Freehold Township,26:53.2
NJ,Gloucester City,27:06.9
NJ,Haddon Heights,27:17.7
NJ,Hasbrouck Heights,27:37.6
NJ,High Bridge,27:42.3
NJ,Highland Park,27:43.2
NJ,Jersey City,28:12.4
NJ,Lake Hiawatha,28:27.7
NJ,Lincoln Park,28:52.5
NJ,Little Falls,29:04.0
NJ,Little Ferry,29:05.0
NJ,Long Branch,29:15.5
NJ,Manchester Township,29:35.5
NJ,Maple Shade,29:43.4
NJ,Margate City,29:46.1
NJ,Mays Landing,29:52.5
NJ,Midland Park,30:38.4
NJ,Monmouth Junction,30:50.6
NJ,Morris Plains,31:03.6
NJ,Mount Ephraim,31:09.5
NJ,Mount Holly,31:10.4
NJ,Mount Laurel,31:11.4
NJ,Mullica Hill,31:12.2
NJ,New Brunswick,31:20.4
NJ,New Egypt,31:21.4
NJ,New Milford,31:22.2
NJ,North Arlington,31:52.2
NJ,North Bergen,31:53.1
NJ,Ocean City,32:09.3
NJ,Ocean Grove,32:10.2
NJ,Old Bridge,32:11.1
NJ,Park Ridge,32:30.9
NJ,Penns Grove,33:10.9
NJ,Perth Amboy,33:22.5
NJ,Point Pleasant Beach,33:43.8
NJ,Pompton Plains,33:44.6
NJ,Port Norris,33:45.6
NJ,Port Reading,33:46.5
NJ,Red Bank,34:03.3
NJ,Ridgefield Park,34:08.1
NJ,River Edge,34:13.6
NJ,Roselle Park,34:35.9
NJ,Saddle Brook,34:44.6
NJ,Scotch Plains,34:52.0
NJ,Seaside Park,34:52.9
NJ,Somers Point,35:00.5
NJ,South Amboy,35:08.0
NJ,South Orange,35:08.9
NJ,South Plainfield,35:09.8
NJ,South River,35:10.7
NJ,Spring Lake,35:17.4
NJ,Three Bridges,35:39.0
NJ,Toms River,35:39.8
NJ,Union City,36:31.5
NJ,Ventnor City,36:35.2
NJ,West Berlin,37:00.6
NJ,West Long Branch,37:01.5
NJ,West Milford,37:02.5
NJ,West New York,37:03.4
NJ,West Orange,37:04.3
NJ,Wood Ridge,37:31.8
NM,Fort Sumner,38:49.1
NM,Las Cruces,39:04.0
NM,Las Vegas,39:04.9
NM,Rio Rancho,39:19.7
NM,Santa Fe,39:27.3
NM,Santa Rosa,39:28.2
NM,Silver City,39:31.0
NM,Truth or Consequences,39:34.4
NY,Alexandria Bay,40:06.6
NY,Au Sable Forks,41:03.2
NY,Averill Park,41:17.2
NY,Ballston Lake,41:34.5
NY,Ballston Spa,41:35.4
NY,Bay Shore,42:05.2
NY,Big Flats,42:30.0
NY,Black River,42:52.0
NY,Briarcliff Manor,43:32.1
NY,Cape Vincent,49:36.5
NY,Carle Place,49:37.4
NY,Castleton on Hudson,49:50.3
NY,Center Moriches,50:02.1
NY,Central Bridge,50:05.1
NY,Central Islip,50:06.0
NY,Central Square,50:07.0
NY,Cherry Valley,50:26.9
NY,Clarence Center,50:46.8
NY,Clifton Park,50:50.6
NY,Clifton Springs,50:51.6
NY,Cold Spring,51:13.5
NY,College Point,51:14.4
NY,Deer Park,51:40.5
NY,Dover Plains,51:43.5
NY,East Amherst,51:57.4
NY,East Aurora,51:58.3
NY,East Elmhurst,51:59.2
NY,East Greenbush,52:00.1
NY,East Hampton,52:01.0
NY,East Islip,52:01.9
NY,East Meadow,52:02.8
NY,East Northport,52:03.8
NY,East Rochester,52:04.7
NY,East Rockaway,52:05.6
NY,East Syracuse,52:06.5
NY,Ellenburg Depot,52:19.0
NY,Evans Mills,52:49.4
NY,Far Rockaway,52:56.2
NY,Floral Park,53:05.8
NY,Forest Hills,53:19.9
NY,Fort Ann,53:22.7
NY,Fort Edward,53:23.6
NY,Fort Plain,53:24.4
NY,Franklin Square,53:29.9
NY,Fresh Meadows,53:37.3
NY,Garden City,53:50.5
NY,Glen Cove,54:05.9
NY,Glen Head,54:06.8
NY,Glens Falls,54:07.6
NY,Grand Gorge,54:26.2
NY,Grand Island,54:27.2
NY,Great Neck,54:30.1
NY,Greenwood Lake,54:40.9
NY,Hampton Bays,54:57.2
NY,Hastings on Hudson,55:08.8
NY,Highland Falls,55:37.6
NY,Highland Mills,55:38.5
NY,Holland Patent,55:45.0
NY,Honeoye Falls,55:53.4
NY,Hoosick Falls,55:57.2
NY,Hopewell Junction,55:58.1
NY,Howard Beach,56:06.6
NY,Hudson Falls,56:13.7
NY,Huntington Station,56:16.6
NY,Hyde Park,56:17.6
NY,Island Park,56:26.2
NY,Islip Terrace,56:29.1
NY,Jackson Heights,56:34.9
NY,Johnson City,56:55.7
NY,Kauneonga Lake,57:04.7
NY,Kings Park,57:09.4
NY,La Fayette,57:17.9
NY,Lake George,57:20.6
NY,Lake Luzerne,57:21.5
NY,Lake Placid,57:22.3
NY,Le Roy,57:34.3
NY,Little Falls,57:49.0
NY,Little Neck,57:50.0
NY,Little Valley,57:50.8
NY,Livingston Manor,57:53.8
NY,Lyon Mountain,58:09.4
NY,Massapequa Park,58:58.1
NY,Mc Graw,59:08.0
NY,Middle Island,59:23.4
NY,Middle Village,59:24.3
NY,Miller Place,59:37.8
NY,Montour Falls,59:56.9
NY,Mount Kisco,00:09.5
NY,Mount Morris,00:10.4
NY,Mount Vernon,00:11.3
NY,New Berlin,00:19.7
NY,New City,00:20.5
NY,New Hartford,00:21.4
NY,New Hyde Park,00:22.3
NY,New Paltz,00:23.1
NY,New Rochelle,00:24.1
NY,New Windsor,00:25.1
NY,New York,00:26.6
NY,New York Mills,00:27.4
NY,Newark Valley,00:32.1
NY,Niagara Falls,00:45.7
NY,North Collins,00:50.3
NY,North Creek,00:51.2
NY,North Lawrence,00:52.2
NY,North River,00:53.1
NY,North Rose,00:54.1
NY,North Tonawanda,00:55.0
NY,Old Forge,01:12.3
NY,Orchard Park,01:27.9
NY,Oyster Bay,01:46.4
NY,Ozone Park,01:47.4
NY,Pearl River,02:00.8
NY,Penn Yan,02:11.0
NY,Pine Bush,02:23.6
NY,Pine Island,02:24.8
NY,Pine Plains,02:25.7
NY,Pleasant Valley,02:36.2
NY,Port Byron,02:43.2
NY,Port Chester,02:44.1
NY,Port Ewen,02:44.9
NY,Port Henry,02:45.9
NY,Port Jefferson Station,02:46.8
NY,Port Jervis,02:47.8
NY,Port Leyden,02:48.7
NY,Port Washington,02:49.7
NY,Queens Village,03:07.3
NY,Red Creek,03:20.1
NY,Red Hook,03:21.0
NY,Rego Park,03:21.9
NY,Richfield Springs,03:30.8
NY,Richmond Hill,03:31.7
NY,Rockville Centre,04:34.4
NY,Rocky Point,04:35.3
NY,Roslyn Heights,04:49.2
NY,Rouses Point,04:50.2
NY,Sag Harbor,04:55.8
NY,Saint Albans,04:57.0
NY,Saint James,04:58.0
NY,Saint Johnsville,04:58.8
NY,Saint Regis Falls,04:59.7
NY,Sandy Creek,05:05.6
NY,Saranac Lake,05:06.5
NY,Saratoga Springs,05:07.4
NY,Schroon Lake,05:37.8
NY,Seneca Falls,05:44.4
NY,Sharon Springs,05:45.3
NY,Shelter Island Heights,05:46.2
NY,Silver Creek,05:56.8
NY,South Dayton,06:09.7
NY,South Glens Falls,06:10.6
NY,South Richmond Hill,06:11.6
NY,Spring Valley,06:21.5
NY,Star Lake,06:26.2
NY,Staten Island,06:27.1
NY,Stone Ridge,06:30.2
NY,Stony Point,06:31.2
NY,Tupper Lake,07:48.3
NY,Valley Stream,08:11.2
NY,Wading River,08:24.8
NY,Wappingers Falls,08:35.7
NY,Watkins Glen,09:06.8
NY,West Babylon,09:29.0
NY,West Hempstead,09:29.9
NY,West Islip,09:30.9
NY,West Nyack,09:32.0
NY,West Sand Lake,09:32.9
NY,West Seneca,09:33.9
NY,West Winfield,09:34.8
NY,Westhampton Beach,09:40.6
NY,White Plains,09:43.7
NY,Whitney Point,09:53.6
NY,Williston Park,10:00.6
NC,Bessemer City,11:48.0
NC,Black Mountain,11:53.8
NC,Bryson City,12:07.7
NC,Chapel Hill,12:40.0
NC,China Grove,13:00.3
NC,East Bend,14:05.7
NC,Elizabeth City,14:16.1
NC,Fair Bluff,14:32.5
NC,Forest City,14:57.1
NC,Four Oaks,15:00.2
NC,Fuquay Varina,15:10.4
NC,Granite Falls,15:43.9
NC,High Point,16:35.1
NC,Holly Ridge,16:44.6
NC,Holly Springs,16:45.5
NC,Hope Mills,16:46.3
NC,Kings Mountain,17:14.4
NC,La Grange,17:29.2
NC,Laurel Hill,17:32.4
NC,Morehead City,19:06.1
NC,Mount Airy,19:13.1
NC,Mount Gilead,19:14.0
NC,Mount Holly,19:14.9
NC,Mount Olive,19:16.0
NC,Mount Pleasant,19:17.1
NC,New Bern,19:27.5
NC,Newton Grove,19:38.3
NC,North Wilkesboro,19:39.1
NC,Old Fort,19:43.0
NC,Pilot Mountain,19:55.7
NC,Pink Hill,20:01.6
NC,Red Springs,20:42.0
NC,Rich Square,20:47.9
NC,Roanoke Rapids,20:54.3
NC,Rocky Mount,21:14.9
NC,Rose Hill,21:18.7
NC,Rural Hall,21:31.9
NC,Saint Pauls,21:36.5
NC,Scotland Neck,21:54.1
NC,Siler City,22:08.2
NC,Snow Hill,22:13.4
NC,Southern Pines,22:15.2
NC,Spring Hope,22:19.8
NC,Spring Lake,22:20.7
NC,Spruce Pine,22:21.8
NC,Stony Point,22:34.5
NC,Tabor City,22:51.0
NC,Wake Forest,23:25.0
NC,Walnut Cove,23:29.8
NC,West End,23:54.9
NC,West Jefferson,23:55.8
NC,Winston Salem,24:38.3
ND,Devils Lake,25:24.0
ND,Glen Ullin,26:11.6
ND,Grand Forks,26:15.7
ND,New Leipzig,27:22.0
ND,New Rockford,27:23.0
ND,New Town,27:23.8
ND,Park River,27:30.5
ND,Valley City,27:46.4
ND,Watford City,27:56.9
ND,West Fargo,27:57.8
OH,Avon Lake,29:29.0
OH,Beach City,29:45.7
OH,Belle Center,30:01.9
OH,Berlin Heights,30:19.7
OH,Bowling Green,30:39.2
OH,Broadview Heights,30:52.0
OH,Brook Park,30:52.9
OH,Canal Fulton,31:33.2
OH,Canal Winchester,31:34.0
OH,Chagrin Falls,32:12.6
OH,Cleveland Heights,33:58.0
OH,Columbus Grove,34:49.5
OH,Cuyahoga Falls,35:25.8
OH,De Graff,35:48.5
OH,Deer Park,35:49.4
OH,Duncan Falls,36:16.5
OH,East Canton,36:17.4
OH,East Cleveland,36:18.3
OH,East Liverpool,36:19.2
OH,East Palestine,36:20.1
OH,Fairport Harbor,36:58.6
OH,Fairview Park,36:59.4
OH,Forest Park,37:15.1
OH,Fort Jennings,37:16.0
OH,Fort Loramie,37:17.0
OH,Fort Recovery,37:17.9
OH,Garfield Heights,37:50.2
OH,Grand Rapids,38:20.0
OH,Green Springs,38:25.1
OH,Grove City,38:36.0
OH,Huber Heights,39:23.3
OH,Jackson Center,39:37.9
OH,La Rue,40:09.2
OH,Liberty Center,40:39.2
OH,Liberty Township,40:40.1
OH,Maple Heights,41:59.6
OH,Martins Ferry,42:15.2
OH,Mayfield Heights,42:33.8
OH,Mc Arthur,42:34.7
OH,Mc Clure,42:35.8
OH,Mc Comb,42:36.9
OH,Mc Connelsville,42:37.9
OH,Middleburg Heights,43:06.7
OH,Mineral Ridge,43:41.6
OH,Mingo Junction,43:49.6
OH,Mount Eaton,44:05.8
OH,Mount Gilead,44:06.8
OH,Mount Healthy,44:07.9
OH,Mount Orab,44:08.9
OH,Mount Sterling,44:09.9
OH,Mount Vernon,44:11.6
OH,Mount Victory,44:12.6
OH,Murray City,44:16.9
OH,New Boston,44:31.2
OH,New Bremen,44:33.7
OH,New Carlisle,44:37.9
OH,New Concord,44:39.5
OH,New Holland,44:40.6
OH,New Knoxville,44:41.6
OH,New Lebanon,44:42.7
OH,New Lexington,44:43.8
OH,New London,44:45.8
OH,New Madison,44:46.8
OH,New Matamoras,44:47.9
OH,New Middletown,44:48.9
OH,New Paris,44:50.0
OH,New Philadelphia,44:51.0
OH,New Richmond,44:52.6
OH,New Vienna,44:53.7
OH,New Washington,44:55.0
OH,Newton Falls,45:11.2
OH,North Baltimore,45:22.6
OH,North Canton,45:23.6
OH,North Jackson,45:24.6
OH,North Kingsville,45:26.2
OH,North Lewisburg,45:27.3
OH,North Lima,45:28.3
OH,North Olmsted,45:29.7
OH,North Ridgeville,45:30.8
OH,North Royalton,45:31.8
OH,Oak Harbor,45:47.8
OH,Oak Hill,45:48.7
OH,Plain City,46:50.6
OH,Pleasant Hill,46:51.6
OH,Port Clinton,47:00.9
OH,Powhatan Point,47:07.6
OH,Quaker City,47:12.8
OH,Rock Creek,47:36.8
OH,Sagamore Hills,47:52.8
OH,Saint Clairsville,47:54.1
OH,Saint Henry,47:56.0
OH,Saint Marys,47:57.0
OH,Saint Paris,47:58.1
OH,Shaker Heights,48:31.1
OH,Sinking Spring,48:50.6
OH,South Charleston,48:58.9
OH,South Euclid,48:59.8
OH,South Webster,49:00.7
OH,Tipp City,50:00.3
OH,Upper Sandusky,50:53.9
OH,Valley City,50:59.9
OH,Van Wert,51:01.8
OH,Walnut Hills,51:22.2
OH,Warrensville Heights,51:37.7
OH,Washington Court House,51:40.6
OH,West Alexandria,52:10.1
OH,West Chester,52:11.1
OH,West Jefferson,52:12.4
OH,West Lafayette,52:14.5
OH,West Liberty,52:15.5
OH,West Mansfield,52:16.5
OH,West Milton,52:17.5
OH,West Portsmouth,52:18.8
OH,West Salem,52:19.7
OH,West Union,52:20.8
OH,Willoughby Hills,52:49.1
OH,Yellow Springs,53:11.3
OK,Boise City,54:47.5
OK,Broken Arrow,54:55.1
OK,Broken Bow,54:56.1
OK,Del City,56:15.9
OK,El Reno,56:33.9
OK,Elk City,56:38.3
OK,Fort Cobb,56:56.6
OK,Fort Gibson,56:57.5
OK,Fort Towson,56:58.5
OK,Locust Grove,58:36.7
OK,Lone Wolf,58:37.9
OK,Mountain View,59:14.5
OK,Oklahoma City,59:49.0
OK,Pauls Valley,00:01.3
OK,Ponca City,00:14.8
OK,Pond Creek,00:15.6
OK,Rush Springs,00:32.0
OK,Sand Springs,00:39.6
OK,Webbers Falls,02:46.7
PA,Allison Park,03:57.2
PA,Alum Bank,04:15.7
PA,Bala Cynwyd,04:57.0
PA,Beaver Falls,05:13.8
PA,Beech Creek,05:21.3
PA,Belle Vernon,05:22.3
PA,Bethel Park,05:57.2
PA,Broad Top,06:51.5
PA,Bryn Mawr,07:11.2
PA,Buena Vista,07:14.0
PA,Cambridge Springs,07:27.3
PA,Camp Hill,07:28.4
PA,Central City,08:16.4
PA,Centre Hall,08:17.4
PA,Chadds Ford,08:18.4
PA,Cherry Tree,08:30.1
PA,Clarks Summit,08:52.7
PA,Clifton Heights,09:01.7
PA,Conneaut Lake,09:30.6
PA,Cranberry Twp,10:01.0
PA,Dickson City,10:40.1
PA,Drexel Hill,11:02.5
PA,Dry Run,11:05.7
PA,Du Bois,11:06.7
PA,East Berlin,11:26.7
PA,East Brady,11:27.6
PA,East Greenville,11:28.5
PA,East Mc Keesport,11:29.4
PA,East Pittsburgh,11:30.3
PA,East Springfield,11:31.2
PA,East Stroudsburg,11:32.2
PA,Eau Claire,11:37.8
PA,Ellwood City,11:57.6
PA,Evans City,12:31.4
PA,Fayette City,12:53.2
PA,Feasterville Trevose,12:54.2
PA,Ford City,13:04.0
PA,Forest City,13:05.4
PA,Glen Lyon,13:51.7
PA,Glen Rock,13:52.5
PA,Grove City,14:23.8
PA,Harrison City,14:49.5
PA,Homer City,15:42.2
PA,Honey Brook,15:53.1
PA,Honey Grove,15:54.0
PA,Hunlock Creek,16:12.6
PA,Huntingdon Valley,16:17.3
PA,Jersey Shore,16:50.9
PA,Jim Thorpe,16:54.9
PA,Kennett Square,17:15.8
PA,Lafayette Hill,17:44.7
PA,Lake Ariel,17:45.5
PA,Lock Haven,19:02.9
PA,Mahanoy City,19:21.0
PA,Martins Creek,19:44.0
PA,McKees Rocks,20:11.1
PA,Mill Hall,21:26.0
PA,Mount Carmel,22:27.5
PA,Mount Holly Springs,22:28.4
PA,Mount Jewett,22:30.2
PA,Mount Joy,22:31.1
PA,Mount Morris,22:32.0
PA,Mount Pleasant,22:33.4
PA,Mount Pleasant Mills,22:34.2
PA,Mount Union,22:35.7
PA,Mount Wolf,22:36.7
PA,Mountain Top,22:37.6
PA,Nanty Glo,22:54.6
PA,Natrona Heights,22:55.6
PA,New Alexandria,23:05.8
PA,New Berlin,23:06.7
PA,New Bethlehem,23:07.6
PA,New Bloomfield,23:08.7
PA,New Brighton,23:10.1
PA,New Castle,23:11.1
PA,New Cumberland,23:12.1
PA,New Florence,23:13.0
PA,New Freedom,23:14.0
PA,New Holland,23:14.9
PA,New Kensington,23:17.4
PA,New Oxford,23:18.4
PA,New Philadelphia,23:19.4
PA,New Ringgold,23:20.3
PA,New Salem,23:21.3
PA,New Tripoli,23:22.3
PA,New Wilmington,23:23.3
PA,Newtown Square,23:28.3
PA,North East,23:44.7
PA,North Wales,23:45.6
PA,Northern Cambria,23:49.7
PA,Oil City,24:08.0
PA,Old Forge,24:08.9
PA,Osceola Mills,24:21.0
PA,Pen Argyl,24:48.1
PA,Pine Grove,28:31.5
PA,Pleasant Unity,30:22.8
PA,Plymouth Meeting,30:33.2
PA,Point Marion,30:34.2
PA,Port Allegany,30:35.3
PA,Port Carbon,30:36.2
PA,Port Royal,30:37.2
PA,Red Hill,31:24.7
PA,Red Lion,31:25.8
PA,Ridley Park,31:45.6
PA,Roaring Spring,31:53.5
PA,Rock Glen,31:59.9
PA,Rural Valley,32:09.5
PA,Saint Clair,32:15.9
PA,Saint Marys,32:16.9
PA,Saint Petersburg,32:17.8
PA,Saint Thomas,32:18.8
PA,Sandy Lake,32:26.1
PA,Schuylkill Haven,32:41.1
PA,Seven Valleys,33:22.8
PA,Sharon Hill,33:40.2
PA,Slippery Rock,34:11.3
PA,Snow Shoe,34:17.6
PA,South Fork,34:24.6
PA,South Park,34:25.6
PA,South Sterling,34:26.5
PA,Spring City,34:33.4
PA,Spring Grove,34:34.3
PA,State College,34:40.1
PA,Sugar Grove,34:53.7
PA,Summit Hill,34:56.9
PA,Terre Hill,35:21.7
PA,Tower City,35:33.7
PA,Turtle Creek,35:51.2
PA,Union City,36:02.2
PA,Upper Darby,36:13.6
PA,Valley View,36:15.5
PA,Warriors Mark,36:38.8
PA,West Alexander,37:11.8
PA,West Chester,37:12.7
PA,West Elizabeth,37:13.6
PA,West Grove,37:14.6
PA,West Middlesex,37:15.6
PA,West Newton,37:16.7
PA,West Sunbury,37:17.7
PA,White Mills,37:25.8
PA,Wilkes Barre,37:30.1
PA,Willow Grove,37:42.1
PA,Wind Gap,37:46.2
RI,Central Falls,38:34.0
RI,East Greenwich,38:47.2
RI,East Providence,38:48.1
RI,Hope Valley,38:54.1
RI,Little Compton,39:00.2
RI,North Kingstown,39:08.7
RI,North Providence,39:09.9
RI,North Scituate,39:10.9
RI,West Warwick,40:01.6
SC,Calhoun Falls,41:39.3
SC,Fort Mill,43:55.3
SC,Fountain Inn,43:56.3
SC,Goose Creek,44:09.3
SC,Great Falls,44:12.2
SC,Heath Springs,44:46.6
SC,Hilton Head Island,44:51.4
SC,Holly Hill,44:52.5
SC,Honea Path,44:56.8
SC,Johns Island,45:02.7
SC,Lake City,45:21.3
SC,Lake View,45:22.3
SC,Little River,46:01.8
SC,Mc Coll,46:28.8
SC,Moncks Corner,46:29.8
SC,Mount Pleasant,46:30.7
SC,Murrells Inlet,46:35.7
SC,Myrtle Beach,46:36.6
SC,New Ellenton,46:39.7
SC,Ninety Six,46:45.8
SC,North Augusta,46:50.7
SC,North Charleston,46:51.7
SC,North Myrtle Beach,46:52.6
SC,Pawleys Island,47:15.3
SC,Ridge Spring,47:20.2
SC,Rock Hill,47:24.2
SC,Saint George,47:25.1
SC,Saint Helena Island,47:26.1
SC,Saint Matthews,47:27.0
SC,Saint Stephen,47:28.1
SC,Travelers Rest,48:24.7
SC,Ware Shoals,48:45.6
SC,West Columbia,48:46.6
SD,Belle Fourche,49:33.7
SD,Clear Lake,50:01.1
SD,De Smet,50:09.0
SD,Dell Rapids,50:13.2
SD,Eagle Butte,50:14.2
SD,Elk Point,50:15.2
SD,Lake Andes,51:02.3
SD,Lake Preston,51:03.2
SD,Rapid City,51:52.9
SD,Sioux Falls,52:02.3
SD,Wessington Springs,52:41.5
SD,White Lake,52:44.4
TN,Ashland City,53:04.2
TN,Big Sandy,53:19.3
TN,Bluff City,53:20.4
TN,Bulls Gap,53:39.0
TN,Chapel Hill,53:53.2
TN,Church Hill,54:07.7
TN,Fall Branch,55:42.1
TN,Jefferson City,57:20.8
TN,Johnson City,57:28.2
TN,La Follette,58:02.6
TN,Lake City,58:06.4
TN,Lenoir City,58:15.4
TN,Maury City,59:02.4
TN,Mc Ewen,59:06.5
TN,Mc Kenzie,59:07.5
TN,Mc Minnville,59:08.5
TN,Mount Juliet,00:02.1
TN,Mount Pleasant,00:03.1
TN,Mountain City,00:04.4
TN,New Market,00:49.9
TN,New Tazewell,00:51.0
TN,Oak Ridge,00:59.2
TN,Old Hickory,01:02.2
TN,Oliver Springs,01:03.2
TN,Pigeon Forge,01:20.6
TN,Pleasant Shade,01:24.5
TN,Red Boiling Springs,01:36.7
TN,Roan Mountain,01:44.0
TN,Scotts Hill,01:58.1
TN,Soddy Daisy,02:19.2
TN,South Fulton,02:25.1
TN,South Pittsburg,02:26.1
TN,Spring City,02:31.1
TN,Tellico Plains,02:46.6
TN,Tracy City,02:47.6
TN,Union City,03:00.5
TN,White Bluff,03:13.0
TN,White House,03:14.0
TN,White Pine,03:15.1
TX,Aransas Pass,04:26.7
TX,Archer City,04:27.7
TX,Bay City,05:17.9
TX,Big Lake,05:57.9
TX,Big Spring,05:58.8
TX,Blooming Grove,06:03.8
TX,Blue Ridge,06:04.7
TX,Bridge City,06:45.7
TX,Caddo Mills,07:31.8
TX,Camp Wood,07:42.8
TX,Canyon Lake,07:50.8
TX,Carrizo Springs,07:51.9
TX,Cedar Hill,08:04.5
TX,Cedar Park,08:05.4
TX,College Station,08:57.1
TX,Colorado City,08:59.8
TX,Copperas Cove,09:22.6
TX,Corpus Christi,09:23.4
TX,Cross Plains,09:45.6
TX,Crystal City,09:50.6
TX,De Kalb,10:47.2
TX,De Leon,10:48.1
TX,Deer Park,10:51.0
TX,Del Rio,10:52.0
TX,Denver City,11:06.1
TX,Dripping Springs,11:18.1
TX,Eagle Lake,11:25.9
TX,Eagle Pass,11:26.8
TX,East Bernard,11:29.7
TX,El Campo,11:40.5
TX,El Paso,11:41.3
TX,Fort Stockton,12:22.2
TX,Fort Worth,12:23.2
TX,George West,13:08.0
TX,Glen Rose,13:20.3
TX,Grand Prairie,13:37.0
TX,Grand Saline,13:37.9
TX,Hale Center,14:00.2
TX,Harker Heights,14:09.5
TX,Honey Grove,14:56.0
TX,Hughes Springs,16:22.1
TX,Iowa Park,16:43.4
TX,Johnson City,17:15.2
TX,Karnes City,17:23.9
TX,Knox City,18:04.5
TX,La Feria,18:07.5
TX,La Grange,18:08.3
TX,La Joya,18:09.3
TX,La Marque,18:10.3
TX,La Porte,18:11.1
TX,La Vernia,18:12.1
TX,Lake Jackson,18:14.8
TX,League City,18:31.1
TX,Lone Oak,19:10.5
TX,Marble Falls,19:50.0
TX,Mc Camey,20:15.0
TX,Mineral Wells,20:56.5
TX,Missouri City,21:03.4
TX,Mount Pleasant,21:14.3
TX,Mount Vernon,21:15.2
TX,New Boston,21:41.0
TX,New Braunfels,21:41.8
TX,New Caney,21:42.7
TX,North Richland Hills,21:53.7
TX,Pilot Point,22:59.1
TX,Port Arthur,23:15.5
TX,Port Lavaca,23:16.5
TX,Port Neches,23:17.6
TX,Red Oak,23:44.0
TX,Rio Grande City,23:52.6
TX,Rising Star,23:53.6
TX,Robert Lee,23:54.4
TX,Round Rock,24:20.8
TX,Royse City,24:23.5
TX,Saint Jo,24:33.0
TX,San Angelo,24:35.9
TX,San Antonio,24:36.8
TX,San Augustine,24:37.7
TX,San Benito,24:38.5
TX,San Diego,24:39.5
TX,San Juan,24:41.8
TX,San Marcos,24:42.6
TX,San Saba,24:43.5
TX,Santa Anna,24:46.5
TX,Santa Fe,24:47.3
TX,Sterling City,25:54.7
TX,Sulphur Springs,26:05.1
TX,Texas City,26:39.1
TX,The Woodlands,26:40.1
TX,Three Rivers,26:44.0
TX,Universal City,27:11.5
TX,Valley Mills,27:15.3
TX,Van Alstyne,27:18.4
TX,Van Horn,27:19.3
TX,West Columbia,28:16.5
TX,Wichita Falls,28:32.4
TX,Wills Point,28:33.3
TX,Wolfe City,28:42.1
UT,American Fork,29:01.8
UT,Brigham City,29:11.6
UT,Castle Dale,29:12.6
UT,Cedar City,29:13.5
UT,Heber City,29:31.7
UT,Mount Pleasant,30:16.0
UT,Pleasant Grove,30:37.9
UT,Saint George,30:55.7
UT,Salt Lake City,30:59.7
UT,South Jordan,31:08.8
UT,Spanish Fork,31:09.7
UT,West Jordan,31:23.5
UT,West Valley City,31:24.4
VT,Bellows Falls,31:33.1
VT,Craftsbury Common,31:58.2
VT,Enosburg Falls,31:59.2
VT,Essex Junction,32:00.3
VT,Fair Haven,32:02.2
VT,Island Pond,32:07.9
VT,Saint Albans,32:43.0
VT,Saint Johnsbury,32:44.1
VT,West Rutland,33:04.5
VT,White River Junction,33:05.5
VA,Amelia Court House,33:33.0
VA,Big Stone Gap,34:04.6
VA,Bowling Green,34:19.7
VA,Bremo Bluff,34:22.6
VA,Buena Vista,34:36.9
VA,Cape Charles,34:39.6
VA,Cedar Bluff,34:42.3
VA,Charles City,34:46.0
VA,Charlotte Court House,34:48.9
VA,Chase City,34:54.9
VA,Clifton Forge,35:23.7
VA,Colonial Beach,35:30.5
VA,Colonial Heights,35:31.4
VA,Drakes Branch,36:09.3
VA,Eagle Rock,36:14.5
VA,Falls Church,36:32.1
VA,Fork Union,36:43.5
VA,Front Royal,36:55.6
VA,Gate City,36:58.4
VA,Glen Allen,36:59.3
VA,Hot Springs,37:42.2
VA,Keen Mountain,37:53.5
VA,Kents Store,37:58.6
VA,King George,38:04.4
VA,King William,38:05.2
VA,Locust Grove,38:20.4
VA,Madison Heights,38:42.0
VA,Mc Dowell,39:06.2
VA,Mc Gaheysville,39:07.1
VA,Mc Kenney,39:08.1
VA,Mount Jackson,39:21.8
VA,New Castle,39:25.6
VA,New Church,39:26.6
VA,New Market,39:27.6
VA,Newport News,39:28.6
VA,Pennington Gap,40:10.2
VA,Rocky Mount,41:20.0
VA,Rose Hill,41:20.9
VA,Rural Retreat,41:23.8
VA,South Boston,41:43.8
VA,South Hill,41:44.8
VA,Stephens City,41:57.0
VA,Stony Creek,41:59.9
VA,Stuarts Draft,42:05.5
VA,Virginia Beach,42:30.5
VA,Weber City,42:45.7
VA,West Point,42:46.6
VA,Weyers Cave,42:47.5
WA,Bainbridge Island,43:26.0
WA,Battle Ground,43:26.9
WA,Castle Rock,43:53.1
WA,Cle Elum,44:09.0
WA,Deer Park,44:17.6
WA,East Wenatchee,44:18.6
WA,Federal Way,44:36.0
WA,Gig Harbor,44:42.1
WA,Grand Coulee,44:44.8
WA,Long Beach,45:09.7
WA,Moses Lake,45:25.5
WA,Mount Vernon,45:26.3
WA,Oak Harbor,45:29.1
WA,Port Angeles,45:48.4
WA,Port Orchard,45:49.3
WA,Port Townsend,45:50.3
WA,Sedro Woolley,46:28.9
WA,Walla Walla,47:17.6
WA,White Salmon,47:23.9
WV,Alum Creek,47:38.7
WV,Berkeley Springs,48:04.0
WV,Bruceton Mills,48:15.1
WV,Capon Bridge,48:29.6
WV,Cedar Grove,48:30.6
WV,East Bank,49:14.7
WV,Elm Grove,49:25.9
WV,Fort Ashby,49:48.1
WV,Fort Spring,49:49.1
WV,French Creek,49:54.8
WV,Gauley Bridge,49:57.6
WV,Harpers Ferry,50:11.4
WV,Jane Lew,50:38.2
WV,Mc Mechen,51:16.2
WV,Mount Hope,51:37.7
WV,New Cumberland,51:40.4
WV,New Haven,51:41.3
WV,New Martinsville,51:42.3
WV,Oak Hill,51:50.8
WV,Paden City,51:55.5
WV,Paw Paw,52:06.9
WV,Pine Grove,52:19.9
WV,Point Pleasant,52:24.5
WV,Saint Albans,52:57.8
WV,Saint Marys,52:58.7
WV,Shady Spring,53:04.6
WV,Terra Alta,53:22.6
WV,Webster Springs,53:35.3
WV,West Hamlin,53:48.3
WV,West Union,53:49.2
WV,White Sulphur Springs,54:01.8
WI,Beaver Dam,55:00.8
WI,Black Creek,55:17.6
WI,Black Earth,55:18.4
WI,Black River Falls,55:19.3
WI,Blue River,55:29.8
WI,Chippewa Falls,56:14.9
WI,Clear Lake,56:15.7
WI,Coon Valley,56:34.4
WI,Cross Plains,56:41.1
WI,Cuba City,56:42.0
WI,De Forest,56:52.5
WI,De Pere,56:53.4
WI,De Soto,56:54.4
WI,Eagle River,57:12.5
WI,East Troy,57:13.4
WI,Eau Claire,57:14.3
WI,Fall Creek,57:31.8
WI,Fond Du Lac,57:36.6
WI,Fort Atkinson,57:37.6
WI,Fountain City,57:38.5
WI,Fox Lake,57:39.5
WI,Gays Mills,57:51.7
WI,Genoa City,57:52.6
WI,Glenwood City,57:57.5
WI,Green Bay,58:06.8
WI,Hales Corners,58:13.4
WI,Junction City,58:58.5
WI,La Crosse,59:24.7
WI,La Farge,59:25.5
WI,Lake Delton,59:28.4
WI,Lake Geneva,59:29.3
WI,Lake Mills,59:30.2
WI,Little Chute,59:36.4
WI,Lyndon Station,59:46.6
WI,Maiden Rock,59:54.8
WI,Mc Farland,00:27.9
WI,Menomonee Falls,00:40.1
WI,Mineral Point,01:45.6
WI,Mount Horeb,02:08.8
WI,New Berlin,02:25.7
WI,New Glarus,02:26.6
WI,New Holstein,02:27.6
WI,New Lisbon,02:28.5
WI,New London,02:29.5
WI,New Richmond,02:30.4
WI,Oak Creek,02:35.8
WI,Oconto Falls,02:43.4
WI,Park Falls,03:18.8
WI,Port Washington,03:34.8
WI,Poy Sippi,03:40.4
WI,Prairie Du Chien,03:43.2
WI,Random Lake,04:04.9
WI,Rib Lake,04:19.9
WI,Rice Lake,04:20.8
WI,Richland Center,04:21.7
WI,River Falls,04:27.4
WI,Saint Cloud,04:28.4
WI,Saint Croix Falls,04:29.4
WI,Saint Nazianz,04:30.3
WI,Sauk City,04:31.3
WI,Sheboygan Falls,04:46.5
WI,Shell Lake,04:47.3
WI,Sister Bay,04:52.7
WI,Solon Springs,04:55.6
WI,South Milwaukee,04:56.6
WI,South Wayne,04:57.5
WI,Spring Green,05:07.4
WI,Spring Valley,05:08.4
WI,Stevens Point,05:11.2
WI,Sturgeon Bay,05:19.6
WI,Sun Prairie,05:20.5
WI,Turtle Lake,05:41.9
WI,Twin Lakes,05:42.8
WI,Two Rivers,05:43.7
WI,Union Grove,05:44.7
WI,West Allis,06:31.7
WI,West Bend,06:32.7
WI,West Salem,06:33.6
WI,Wild Rose,06:45.1
WI,Wisconsin Dells,06:50.0
WI,Wisconsin Rapids,06:50.9
WY,Fort Washakie,07:18.9
WY,Green River,07:21.6
WY,Rock Springs,07:45.6
KS,Arkansas City,28:11.7
KS,Baldwin City,28:24.9
KS,Baxter Springs,28:25.8
KS,Blue Rapids,28:32.4
KS,Bonner Springs,28:33.2
KS,Cawker City,28:46.7
KS,Clay Center,28:58.5
KS,Conway Springs,29:26.2
KS,Cottonwood Falls,29:28.9
KS,Council Grove,29:29.9
KS,De Soto,29:30.9
KS,Dodge City,29:35.4
KS,El Dorado,29:42.3
KS,Fort Scott,29:58.9
KS,Garden City,30:08.6
KS,Garden Plain,30:09.5
KS,Great Bend,30:22.6
KS,Hill City,30:50.2
KS,Junction City,31:31.2
KS,Kansas City,31:32.1
KS,La Crosse,31:38.8
KS,La Cygne,31:39.7
KS,Le Roy,31:49.9
KS,Medicine Lodge,33:00.6
KS,Mound City,33:09.7
KS,Mount Hope,33:12.5
KS,Ness City,33:18.9
KS,Osage City,33:34.3
KS,Overland Park,33:46.7
KS,Saint Francis,34:18.3
KS,Saint John,34:19.2
KS,Saint Marys,34:20.2
KS,Saint Paul,34:21.3
KS,Scott City,34:30.1
KS,Sharon Springs,34:38.8
KS,Shawnee Mission,34:41.5
KS,Smith Center,34:42.4
KS,Spring Hill,34:46.2
KS,Sylvan Grove,34:56.2
KS,Valley Center,35:17.5
KS,Valley Falls,35:18.5
KS,Wa Keeney,35:21.3
KS,Yates Center,36:05.3
