Alabama,Alexander City,30:00.6
Alabama,Bay Minette,30:44.3
Alabama,Camp Hill,31:47.3
Alabama,Carbon Hill,31:48.0
Alabama,Double Springs,32:51.5
Alabama,Fort Payne,33:39.1
Alabama,Frisco City,33:40.0
Alabama,Grove Hill,34:20.2
Alabama,Hazel Green,34:40.3
Alabama,Laceys Spring,35:14.5
Alabama,Midland City,35:46.3
Alabama,Muscle Shoals,36:24.5
Alabama,New Hope,36:25.3
Alabama,Pell City,36:46.4
Alabama,Phenix City,36:47.2
Alabama,Pleasant Grove,36:51.5
Alabama,Red Bay,36:59.2
Alabama,Town Creek,37:55.5
Alabama,Union Springs,38:21.7
Alabama,Valley Head,38:28.7
Alaska,Eagle River,38:56.6
Alaska,North Pole,39:10.5
Arizona,Apache Junction,39:22.6
Arizona,Bullhead City,39:32.1
Arizona,Camp Verde,39:32.9
Arizona,Casa Grande,39:33.7
Arizona,Chino Valley,39:37.0
Arizona,El Mirage,39:47.0
Arizona,Fort Mohave,39:55.8
Arizona,Fountain Hills,39:56.7
Arizona,Lake Havasu City,40:15.8
Arizona,Mohave Valley,40:31.5
Arizona,Prescott Valley,41:11.1
Arizona,Saint David,41:15.4
Arizona,Show Low,41:24.0
Arizona,Sierra Vista,41:24.9
Arizona,Sun City,41:29.2
Arizona,Sun City West,41:30.0
Arizona,Tuba City,41:41.4
Arkansas,Bald Knob,42:23.5
Arkansas,Bella Vista,42:33.6
Arkansas,Bull Shoals,43:00.0
Arkansas,Calico Rock,43:02.5
Arkansas,Cave City,43:10.4
Arkansas,De Queen,43:32.4
Arkansas,De Witt,43:33.3
Arkansas,Des Arc,43:37.6
Arkansas,El Dorado,43:47.0
Arkansas,Eureka Springs,43:53.9
Arkansas,Forrest City,44:02.7
Arkansas,Fort Smith,44:03.4
Arkansas,Green Forest,44:07.7
Arkansas,Heber Springs,44:24.9
Arkansas,Horseshoe Bend,44:34.4
Arkansas,Hot Springs Village,44:35.2
Arkansas,Junction City,44:52.5
Arkansas,Lake Village,44:53.3
Arkansas,Little Rock,44:57.7
Arkansas,Mammoth Spring,45:12.0
Arkansas,Marked Tree,45:20.8
Arkansas,Mc Crory,45:27.7
Arkansas,Mc Gehee,45:28.5
Arkansas,Mount Ida,45:45.7
Arkansas,Mountain Home,45:46.6
Arkansas,Mountain View,45:47.4
Arkansas,North Little Rock,45:56.7
Arkansas,Pea Ridge,46:09.7
Arkansas,Pine Bluff,46:15.7
Arkansas,Prairie Grove,46:19.1
Arkansas,Siloam Springs,46:45.8
Arkansas,Star City,46:54.3
Arkansas,Van Buren,47:10.9
Arkansas,Walnut Ridge,47:13.3
Arkansas,West Helena,47:16.0
Arkansas,West Memphis,47:16.7
Arkansas,White Hall,47:17.6
California,Angels Camp,47:41.6
California,Apple Valley,47:45.8
California,Arroyo Grande,47:52.4
California,Baldwin Park,48:32.2
California,Bell Gardens,48:43.6
California,Big Bear City,49:06.4
California,Bodega Bay,49:12.4
California,Boulder Creek,49:15.8
California,Buena Park,49:26.3
California,Canoga Park,49:48.8
California,Canyon Country,49:49.6
California,Castro Valley,50:00.9
California,Cathedral City,50:01.7
California,Chino Hills,50:20.5
California,Chula Vista,50:23.0
California,Citrus Heights,50:23.9
California,City of Industry,50:24.7
California,Corona del mar,51:02.7
California,Corte Madera,51:03.6
California,Costa Mesa,51:04.4
California,Crescent City,51:09.2
California,Culver City,51:11.8
California,Daly City,51:15.3
California,Dana Point,51:16.1
California,Desert Hot Springs,51:24.7
California,Dos Palos,51:29.9
California,El Cajon,51:38.6
California,El Centro,51:39.4
California,El Cerrito,51:40.2
California,El Granada,51:41.0
California,El Monte,51:41.8
California,El Segundo,51:42.6
California,El Sobrante,51:43.4
California,Elk Grove,51:44.2
California,Fair Oaks,52:07.4
California,Fort Bragg,52:30.2
California,Garden Grove,53:22.8
California,Grass Valley,53:38.5
California,Grover Beach,53:42.0
California,Half Moon Bay,53:44.6
California,Huntington Beach,54:21.7
California,Huntington Park,54:22.5
California,Imperial Beach,54:23.3
California,Joshua Tree,54:37.0
California,King City,54:41.8
California,La Crescenta,54:44.3
California,La Habra,54:45.1
California,La Mesa,54:45.9
California,La Mirada,54:46.7
California,Laguna Beach,54:50.0
California,Laguna Hills,54:50.8
California,Laguna Niguel,54:51.7
California,Lake Elsinore,54:52.5
California,Lake Forest,54:53.3
California,Lake Isabella,54:54.2
California,Lemon Grove,55:09.4
California,Loma Linda,55:27.6
California,Lone Pine,55:32.7
California,Long Beach,55:33.6
California,Los Altos,55:34.3
California,Los Angeles,55:35.1
California,Los Banos,55:35.9
California,Los Gatos,55:36.7
California,Los Osos,55:37.5
California,Lower Lake,55:38.4
California,Manhattan Beach,55:40.9
California,Menlo Park,55:54.9
California,Midway City,56:01.2
California,Mill Valley,56:02.0
California,Mira Loma,56:06.4
California,Mission Hills,56:07.1
California,Mission Viejo,56:07.9
California,Monterey Park,56:31.4
California,Moreno Valley,56:34.0
California,Morgan Hill,56:34.8
California,Morro Bay,56:35.6
California,Mount Shasta,56:36.5
California,Mountain View,56:37.3
California,Myers Flat,56:39.9
California,National City,56:44.9
California,Nevada City,56:48.3
California,Newbury Park,56:50.7
California,Newport Beach,56:55.0
California,North Hollywood,56:59.6
California,Pacific Grove,58:13.3
California,Palm Desert,58:17.5
California,Palm Springs,58:18.4
California,Palo Alto,58:24.4
California,Palo Cedro,58:25.1
California,Paso Robles,58:40.2
California,Pico Rivera,58:49.8
California,Pine Grove,58:50.6
California,Pleasant Hill,58:58.4
California,Rancho Cucamonga,59:16.0
California,Rancho Mirage,59:16.7
California,Rancho Palos Verdes,59:17.6
California,Red Bluff,59:18.3
California,Redondo Beach,59:25.3
California,Redwood City,59:26.1
California,Rio Vista,59:41.6
California,Rough And Ready,00:07.5
California,Saint Helena,00:24.9
California,San Andreas,00:29.2
California,San Anselmo,00:30.2
California,San Bernardino,00:31.0
California,San Bruno,00:31.8
California,San Clemente,00:32.7
California,San Diego,00:33.5
California,San Fernando,00:34.3
California,San Francisco,00:35.1
California,San Gabriel,00:35.9
California,San Jacinto,00:36.7
California,San Jose,00:37.5
California,San Juan Capistrano,00:38.3
California,San Leandro,00:39.2
California,San Lorenzo,00:40.0
California,San Luis Obispo,00:40.9
California,San Marcos,00:41.7
California,San Mateo,00:42.5
California,San Pablo,00:43.3
California,San Pedro,00:44.1
California,San Rafael,00:44.9
California,San Ramon,00:45.7
California,Santa Ana,00:49.1
California,Santa Barbara,00:49.9
California,Santa Clara,00:50.6
California,Santa Cruz,00:51.4
California,Santa Fe Springs,00:52.3
California,Santa Maria,00:53.1
California,Santa Monica,00:54.0
California,Santa Paula,00:54.7
California,Santa Rosa,00:55.5
California,Sherman Oaks,01:11.8
California,Simi Valley,01:12.7
California,South Gate,01:21.2
California,South Lake Tahoe,01:22.0
California,South San Francisco,01:22.9
California,Spring Valley,01:23.7
California,Sun City,01:37.5
California,Temple City,01:50.3
California,Thousand Oaks,01:51.1
California,Twentynine Palms,02:12.1
California,Union City,02:15.6
California,Valley Springs,02:30.3
California,Van Nuys,02:31.1
California,Walnut Creek,02:51.7
California,West Covina,02:56.9
California,West Hollywood,02:57.8
California,West Sacramento,02:58.5
California,Westlake Village,02:59.3
California,Yorba Linda,03:18.4
California,Yuba City,03:20.9
California,Yucca Valley,03:24.4
Colorado,Buena Vista,03:46.3
Colorado,Canon City,03:48.8
Colorado,Castle Rock,03:50.1
Colorado,Cheyenne Wells,03:52.6
Colorado,Colorado Springs,03:53.4
Colorado,Commerce City,03:54.2
Colorado,Idaho Springs,04:15.4
Colorado,Kit Carson,04:19.6
Colorado,La Junta,04:20.5
Colorado,Las Animas,04:35.6
Colorado,Monte Vista,04:59.0
Colorado,Pagosa Springs,05:06.0
Colorado,Rocky Ford,05:24.6
Colorado,Steamboat Springs,05:28.9
Colorado,Wheat Ridge,05:42.6
Connecticut,East Hampton,06:42.6
Connecticut,East Hartford,06:43.4
Connecticut,East Haven,06:44.2
Connecticut,East Windsor,06:46.1
Connecticut,Jewett City,07:17.2
Connecticut,New Britain,07:46.0
Connecticut,New Canaan,07:46.8
Connecticut,New Hartford,07:47.7
Connecticut,New Haven,07:48.5
Connecticut,New London,07:49.3
Connecticut,New Milford,07:50.1
Connecticut,North Branford,07:59.2
Connecticut,North Haven,08:00.1
Connecticut,Old Lyme,08:10.5
Connecticut,Old Saybrook,08:11.3
Connecticut,Rocky Hill,08:25.9
Connecticut,South Windsor,08:38.2
Connecticut,Stafford Springs,08:42.5
Connecticut,Vernon Rockville,09:17.4
Connecticut,West Haven,09:25.1
Connecticut,West Suffield,09:26.0
Delaware,Delaware City,09:51.0
Delaware,New Castle,10:33.0
Delaware,Ocean View,10:40.5
Florida,Altamonte Springs,11:10.9
Florida,Avon Park,11:33.3
Florida,Belle Glade,11:38.4
Florida,Beverly Hills,11:41.0
Florida,Big Pine Key,11:41.8
Florida,Boca Raton,11:46.1
Florida,Bonita Springs,11:49.7
Florida,Boynton Beach,11:50.5
Florida,Cape Coral,12:15.4
Florida,Cocoa Beach,12:52.0
Florida,Coconut Creek,12:52.8
Florida,Coral Springs,12:53.6
Florida,Crescent City,12:56.2
Florida,Cross City,13:01.3
Florida,Crystal River,13:02.2
Florida,Dade City,13:03.0
Florida,Daytona Beach,13:06.4
Florida,Deerfield Beach,13:09.5
Florida,Defuniak Springs,13:10.4
Florida,Delray Beach,13:19.9
Florida,Fernandina Beach,13:45.0
Florida,Flagler Beach,13:45.8
Florida,Floral City,13:46.6
Florida,Fort Lauderdale,13:47.4
Florida,Fort Meade,13:48.3
Florida,Fort Myers,13:49.1
Florida,Fort Pierce,13:50.0
Florida,Fort Walton Beach,13:50.7
Florida,Green Cove Springs,14:04.9
Florida,Gulf Breeze,14:07.3
Florida,Haines City,14:08.1
Florida,High Springs,14:24.5
Florida,Jacksonville Beach,15:45.2
Florida,Jensen Beach,15:52.0
Florida,Key Largo,15:57.5
Florida,Key West,15:58.4
Florida,Keystone Heights,15:59.3
Florida,Lady Lake,16:08.7
Florida,Lake Alfred,16:09.6
Florida,Lake Butler,16:10.5
Florida,Lake City,16:11.4
Florida,Lake Placid,16:12.2
Florida,Lake Wales,16:13.1
Florida,Lake Worth,16:13.9
Florida,Land O Lakes,16:24.8
Florida,Lehigh Acres,16:31.8
Florida,Live Oak,16:32.6
Florida,Lynn Haven,16:43.2
Florida,Marco Island,16:51.8
Florida,Merritt Island,17:09.1
Florida,Miami Beach,17:48.3
Florida,Mount Dora,18:00.6
Florida,New Port Richey,18:11.5
Florida,New Smyrna Beach,18:12.3
Florida,North Miami Beach,18:19.1
Florida,North Palm Beach,18:20.0
Florida,North Port,18:21.0
Florida,Opa Locka,18:45.6
Florida,Orange City,18:46.4
Florida,Orange Park,18:47.3
Florida,Ormond Beach,19:19.6
Florida,Palm Bay,19:31.4
Florida,Palm Coast,19:32.2
Florida,Palm Harbor,19:33.0
Florida,Panama City,19:38.2
Florida,Pembroke Pines,19:39.0
Florida,Pinellas Park,19:56.5
Florida,Plant City,19:57.4
Florida,Pompano Beach,19:58.2
Florida,Port Charlotte,19:59.0
Florida,Port Orange,19:59.8
Florida,Port Richey,20:00.6
Florida,Port Saint Joe,20:01.4
Florida,Port Saint Lucie,20:02.3
Florida,Punta Gorda,20:03.1
Florida,Saint Augustine,20:25.5
Florida,Saint Cloud,20:26.3
Florida,Saint Petersburg,20:27.1
Florida,Spring Hill,20:54.8
Florida,Sun City Center,21:13.9
Florida,Tarpon Springs,22:00.1
Florida,Vero Beach,22:18.4
Florida,West Palm Beach,22:21.9
Florida,Winter Garden,22:29.4
Florida,Winter Haven,22:30.2
Florida,Winter Park,22:31.0
Florida,Winter Springs,22:31.8
Georgia,Blue Ridge,24:53.5
Georgia,Buena Vista,25:16.7
Georgia,Forest Park,28:56.9
Georgia,Fort Gaines,29:01.1
Georgia,Fort Oglethorpe,29:02.0
Georgia,Fort Valley,29:02.8
Georgia,La Fayette,30:48.0
Georgia,Lake Park,30:53.1
Georgia,Mc Rae,31:58.7
Georgia,Peachtree City,32:59.0
Georgia,Powder Springs,33:16.9
Georgia,Richmond Hill,33:31.3
Georgia,Rocky Face,33:43.3
Georgia,Saint Marys,34:00.6
Georgia,Social Circle,34:29.3
Georgia,Stone Mountain,34:44.1
Georgia,Tunnel Hill,35:40.8
Georgia,Union Point,35:44.7
Georgia,Villa Rica,35:58.5
Georgia,Warner Robins,36:02.8
Georgia,West Point,36:23.4
Hawaii,Kailua Kona,36:57.7
Hawaii,Pearl City,37:08.1
Idaho,American Falls,37:14.1
Idaho,Bonners Ferry,37:30.4
Idaho,Coeur d Alene,37:38.1
Idaho,Garden City,37:46.8
Idaho,Idaho Falls,37:56.3
Idaho,Malad City,38:07.3
Idaho,Mountain Home,38:16.6
Idaho,New Plymouth,38:21.0
Idaho,Post Falls,38:32.2
Idaho,Priest River,38:34.8
Idaho,Saint Anthony,38:40.9
Idaho,Saint Maries,38:41.8
Idaho,Soda Springs,38:49.3
Idaho,Twin Falls,38:50.1
Illinois,Alto Pass,39:24.7
Illinois,Arlington Heights,39:43.5
Illinois,Blue Island,41:07.9
Illinois,Blue Mound,41:08.7
Illinois,Buffalo Grove,41:35.3
Illinois,Bunker Hill,41:36.1
Illinois,Calumet City,41:46.4
Illinois,Camp Point,41:48.9
Illinois,Carol Stream,42:10.2
Illinois,Carrier Mills,42:11.0
Illinois,Cave in Rock,42:25.8
Illinois,Cerro Gordo,42:31.5
Illinois,Chicago Heights,45:03.7
Illinois,Cissna Park,45:14.3
Illinois,Clay City,45:15.1
Illinois,Coal City,45:22.8
Illinois,Coal Valley,45:23.7
Illinois,Country Club Hills,45:40.8
Illinois,Creve Coeur,45:44.2
Illinois,Crystal Lake,45:46.7
Illinois,Dallas City,45:54.5
Illinois,De Land,46:03.6
Illinois,Des Plaines,46:17.2
Illinois,Downers Grove,46:31.3
Illinois,Du Quoin,46:32.1
Illinois,East Alton,46:43.4
Illinois,East Dubuque,46:44.2
Illinois,East Moline,46:45.8
Illinois,East Peoria,46:46.6
Illinois,East Saint Louis,46:47.4
Illinois,El Paso,47:02.6
Illinois,Elk Grove Village,47:14.9
Illinois,Elmwood Park,47:21.7
Illinois,Evergreen Park,47:37.5
Illinois,Fairview Heights,47:44.4
Illinois,Farmer City,47:45.2
Illinois,Flat Rock,47:56.3
Illinois,Forest Park,48:00.7
Illinois,Fox Lake,48:05.0
Illinois,Franklin Park,48:10.1
Illinois,German Valley,48:41.4
Illinois,Gibson City,48:43.9
Illinois,Glen Carbon,48:51.5
Illinois,Glen Ellyn,48:52.3
Illinois,Glendale Heights,48:53.2
Illinois,Grand Ridge,49:10.7
Illinois,Granite City,49:11.5
Illinois,Grant Park,49:12.3
Illinois,Hazel Crest,49:54.3
Illinois,Hickory Hills,50:08.1
Illinois,Highland Park,50:11.5
Illinois,Johnston City,50:54.3
Illinois,La Grange,51:28.8
Illinois,La Harpe,51:29.6
Illinois,La Moille,51:30.5
Illinois,La Salle,51:31.3
Illinois,Lake Forest,51:33.9
Illinois,Lake Villa,51:34.7
Illinois,Lake Zurich,51:35.5
Illinois,Le Roy,51:43.3
Illinois,Loves Park,52:22.8
Illinois,Machesney Park,52:25.3
Illinois,Mason City,53:03.4
Illinois,Mc Leansboro,53:08.5
Illinois,Melrose Park,53:15.4
Illinois,Morton Grove,54:10.3
Illinois,Mound City,54:11.2
Illinois,Mount Carmel,54:13.7
Illinois,Mount Carroll,54:14.5
Illinois,Mount Morris,54:15.2
Illinois,Mount Olive,54:16.0
Illinois,Mount Prospect,54:16.9
Illinois,Mount Pulaski,54:17.7
Illinois,Mount Sterling,54:18.5
Illinois,Mount Vernon,54:19.3
Illinois,Mt Zion,54:21.8
Illinois,Mulberry Grove,54:22.6
Illinois,New Athens,54:37.3
Illinois,New Baden,54:38.1
Illinois,New Berlin,54:38.9
Illinois,New Douglas,54:39.7
Illinois,New Lenox,54:40.5
Illinois,Norris City,54:55.7
Illinois,North Chicago,54:56.6
Illinois,O Fallon,55:00.7
Illinois,Oak Forest,55:01.5
Illinois,Oak Lawn,55:02.3
Illinois,Oak Park,55:03.1
Illinois,Orland Park,55:32.9
Illinois,Palos Heights,55:44.8
Illinois,Palos Hills,55:46.1
Illinois,Park Forest,55:53.9
Illinois,Park Ridge,55:54.7
Illinois,Paw Paw,55:57.3
Illinois,Pearl City,56:06.7
Illinois,Piper City,56:32.4
Illinois,Pleasant Hill,56:42.6
Illinois,Port Byron,56:51.2
Illinois,Red Bud,57:15.2
Illinois,Rock Falls,57:38.5
Illinois,Rock Island,57:39.3
Illinois,Rolling Meadows,57:53.4
Illinois,Saint Anne,58:15.4
Illinois,Saint Charles,58:16.3
Illinois,Saint Elmo,58:17.1
Illinois,Saint Francisville,58:17.9
Illinois,Saint Jacob,58:18.7
Illinois,Saint Joseph,58:19.5
Illinois,Saint Libory,58:20.3
Illinois,Saint Peter,58:21.1
Illinois,San Jose,58:24.6
Illinois,Scales Mound,58:37.2
Illinois,South Holland,59:17.6
Illinois,Spring Grove,59:20.4
Illinois,Spring Valley,59:21.2
Illinois,Stillman Valley,59:42.4
Illinois,Sugar Grove,59:53.6
Illinois,Summit Argo,59:57.1
Illinois,Tinley Park,00:16.8
Illinois,Villa Grove,00:45.2
Illinois,Villa Park,00:46.0
Illinois,Wayne City,01:21.9
Illinois,West Chicago,01:26.6
Illinois,West Frankfort,01:27.3
Illinois,West Salem,01:28.2
Illinois,West Union,01:29.0
Illinois,White Hall,01:42.1
Illinois,Wood Dale,01:59.4
Illinois,Wood River,02:00.2
Indiana,Beech Grove,03:09.5
Indiana,Bunker Hill,03:53.2
Indiana,Cambridge City,03:58.5
Indiana,Cedar Lake,04:08.7
Indiana,Columbia City,04:32.5
Indiana,Crown Point,04:55.8
Indiana,East Chicago,05:33.0
Indiana,Fort Branch,06:19.7
Indiana,Fort Wayne,06:20.5
Indiana,Fountain City,06:23.9
Indiana,French Lick,06:40.2
Indiana,Gas City,06:54.7
Indiana,Hartford City,07:40.5
Indiana,La Fontaine,08:58.9
Indiana,La Porte,09:00.3
Indiana,Lake Station,09:11.0
Indiana,Michigan City,10:03.9
Indiana,Moores Hill,10:32.2
Indiana,Mount Vernon,10:40.0
Indiana,New Albany,10:54.8
Indiana,New Carlisle,10:55.6
Indiana,New Castle,10:56.4
Indiana,New Harmony,10:57.2
Indiana,New Washington,10:57.9
Indiana,North Judson,11:00.5
Indiana,North Liberty,11:01.4
Indiana,North Manchester,11:02.2
Indiana,North Salem,11:03.1
Indiana,North Vernon,11:03.8
Indiana,Oakland City,11:04.7
Indiana,Rising Sun,12:08.7
Indiana,Saint John,12:29.7
Indiana,Saint Paul,12:30.6
Indiana,Silver Lake,12:59.9
Indiana,South Bend,13:00.8
Indiana,South Whitley,13:01.5
Indiana,St Lauramie,13:05.8
Indiana,Tell City,13:15.5
Indiana,Terre Haute,13:16.3
Indiana,Union City,13:22.3
Indiana,West Lafayette,14:05.7
Indiana,West Terre Haute,14:06.6
Iowa,Albert City,15:00.6
Iowa,Battle Creek,15:41.3
Iowa,Belle Plaine,15:48.1
Iowa,Cedar Falls,16:37.3
Iowa,Cedar Rapids,16:38.1
Iowa,Center Point,16:38.9
Iowa,Central City,16:42.3
Iowa,Charles City,16:45.7
Iowa,Charter Oak,16:46.5
Iowa,Clear Lake,16:59.1
Iowa,Coon Rapids,17:13.6
Iowa,Council Bluffs,17:24.0
Iowa,Dallas Center,17:27.5
Iowa,Des Moines,17:43.8
Iowa,Eagle Grove,18:08.9
Iowa,Fort Atkinson,18:48.7
Iowa,Fort Dodge,18:49.5
Iowa,Fort Madison,18:50.3
Iowa,Gilmore City,18:59.9
Iowa,Grand Junction,19:10.1
Iowa,Grand Mound,19:10.9
Iowa,Guthrie Center,19:23.2
Iowa,Holy Cross,19:36.8
Iowa,Ida Grove,19:46.3
Iowa,Iowa City,19:53.1
Iowa,Iowa Falls,19:53.9
Iowa,La Porte City,20:15.5
Iowa,Lake City,20:18.1
Iowa,Lake Mills,20:18.9
Iowa,Lake Park,20:19.7
Iowa,Lake View,20:20.5
Iowa,Lime Springs,20:33.3
Iowa,Little Rock,20:35.9
Iowa,Lost Nation,20:41.8
Iowa,Lu Verne,20:44.3
Iowa,Mason City,21:15.5
Iowa,Mc Gregor,21:19.8
Iowa,Missouri Valley,21:29.7
Iowa,Morning Sun,21:40.6
Iowa,Mount Ayr,21:44.4
Iowa,Mount Pleasant,21:45.2
Iowa,Mount Vernon,21:46.0
Iowa,New Hampton,21:53.8
Iowa,New London,21:54.6
Iowa,New Sharon,21:55.4
Iowa,Nora Springs,22:00.6
Iowa,Orange City,22:14.6
Iowa,Oxford Junction,22:26.6
Iowa,Prairie City,22:49.3
Iowa,Red Oak,23:01.8
Iowa,Rock Rapids,23:19.2
Iowa,Rock Valley,23:20.0
Iowa,Rockwell City,23:20.8
Iowa,Sac City,23:29.2
Iowa,Saint Ansgar,23:30.1
Iowa,Shell Rock,23:43.8
Iowa,Sioux Center,23:53.5
Iowa,Sioux City,23:54.3
Iowa,Sioux Rapids,23:55.2
Iowa,Spirit Lake,24:04.6
Iowa,State Center,24:05.4
Iowa,Storm Lake,24:06.2
Iowa,Story City,24:07.0
Iowa,Strawberry Point,24:10.2
Iowa,Swea City,24:17.1
Iowa,Wall Lake,24:46.2
Iowa,Webster City,25:07.5
Iowa,West Bend,25:13.4
Iowa,West Branch,25:14.3
Iowa,West Liberty,25:15.1
Iowa,West Point,25:15.9
Iowa,West Union,25:16.7
Iowa,What Cheer,25:17.5
Kansas,Arkansas City,25:53.3
Kansas,Baldwin City,26:06.0
Kansas,Baxter Springs,26:06.8
Kansas,Blue Rapids,26:12.8
Kansas,Bonner Springs,26:13.7
Kansas,Cawker City,26:25.7
Kansas,Clay Center,26:38.0
Kansas,Conway Springs,27:03.0
Kansas,Cottonwood Falls,27:03.8
Kansas,Council Grove,27:04.6
Kansas,De Soto,27:05.4
Kansas,Dodge City,27:09.6
Kansas,El Dorado,27:15.6
Kansas,Fort Scott,27:31.1
Kansas,Garden City,27:41.0
Kansas,Garden Plain,27:41.9
Kansas,Great Bend,27:53.8
Kansas,Hill City,28:19.0
Kansas,Junction City,28:55.5
Kansas,Kansas City,28:56.3
Kansas,La Crosse,29:02.5
Kansas,La Cygne,29:03.3
Kansas,Arkansas%20City,37:40.8
Kansas,Arkansas%20City,37:53.9
Kentucky,Beaver Dam,50:22.8
Kentucky,Bowling Green,50:48.8
Kentucky,Cave City,51:28.8
Kentucky,Central City,51:29.7
Kentucky,Clay City,51:34.4
Kentucky,Cold Spring,51:39.1
Kentucky,Dawson Springs,52:11.1
Kentucky,Dry Ridge,52:14.0
Kentucky,Elk Horn,52:27.2
Kentucky,Fort Thomas,52:53.6
Kentucky,Fountain Run,52:54.8
Kentucky,Horse Cave,54:18.5
Kentucky,La Center,54:44.0
Kentucky,La Grange,54:45.0
Kentucky,Lebanon Junction,54:54.4
Kentucky,Mc Kee,56:24.2
Kentucky,Mount Olivet,56:45.3
Kentucky,Mount Sterling,56:46.4
Kentucky,Mount Vernon,56:47.4
Kentucky,Mount Washington,56:48.2
Kentucky,New Castle,56:59.8
Kentucky,New Haven,57:00.7
Kentucky,Olive Hill,57:11.7
Kentucky,Park City,57:42.7
Kentucky,Pine Knot,57:55.4
Kentucky,Russell Springs,58:16.5
Kentucky,Salt Lick,58:24.4
Kentucky,Sandy Hook,58:28.3
Kentucky,Science Hill,58:29.2
Kentucky,South Shore,58:56.5
Kentucky,Summer Shade,59:08.5
Kentucky,Vine Grove,59:32.6
Kentucky,West Liberty,59:57.2
Kentucky,Whitley City,00:03.2
Louisiana,Baton Rouge,00:55.7
Louisiana,Bossier City,01:05.1
Louisiana,Breaux Bridge,01:06.0
Louisiana,Church Point,01:16.8
Louisiana,Cut Off,01:37.7
Louisiana,Denham Springs,01:41.3
Louisiana,Grand Coteau,02:23.2
Louisiana,Krotz Springs,03:28.0
Louisiana,La Place,03:28.9
Louisiana,Lake Arthur,03:39.6
Louisiana,Lake Charles,03:40.4
Louisiana,Lake Providence,03:41.4
Louisiana,Morgan City,04:44.9
Louisiana,New Iberia,04:50.5
Louisiana,New Orleans,04:51.4
Louisiana,New Roads,04:52.2
Louisiana,Oak Grove,04:56.9
Louisiana,Pearl River,05:09.6
Louisiana,Pine Prairie,05:10.4
Louisiana,Plain Dealing,05:14.1
Louisiana,Port Allen,05:22.3
Louisiana,Port Barre,05:23.4
Louisiana,Saint Martinville,05:43.4
Louisiana,Ville Platte,06:16.6
Louisiana,West Monroe,06:25.1
Maine,Bar Harbor,06:54.7
Maine,Blue Hill,07:09.4
Maine,Bryant Pond,07:17.6
Maine,Dover Foxcroft,07:43.5
Maine,East Millinocket,07:44.4
Maine,Fort Fairfield,07:55.4
Maine,Fort Kent,07:56.3
Maine,Lisbon Falls,08:32.3
Maine,Livermore Falls,08:33.3
Maine,Mechanic Falls,08:41.6
Maine,Mount Desert,08:48.4
Maine,North Berwick,08:52.2
Maine,Old Orchard Beach,08:55.1
Maine,Old Town,08:55.9
Maine,Presque Isle,09:04.3
Maine,South Berwick,09:22.3
Maine,South Paris,09:23.2
Maine,South Portland,09:24.2
Maine,Van Buren,09:32.6
Maryland,Bel Air,11:07.7
Maryland,Charlotte Hall,11:33.5
Maryland,Chesapeake City,11:34.5
Maryland,Clear Spring,11:40.2
Maryland,Deal Island,11:56.2
Maryland,Ellicott City,12:13.6
Maryland,Forest Hill,12:19.2
Maryland,Glen Burnie,12:41.5
Maryland,Havre De Grace,12:58.7
Maryland,Indian Head,13:04.2
Maryland,La Plata,13:10.6
Maryland,Mount Airy,13:25.5
Maryland,New Windsor,13:30.1
Maryland,North East,13:31.0
Maryland,Owings Mills,13:38.4
Maryland,Oxon Hill,13:39.3
Maryland,Pocomoke City,13:47.0
Maryland,Port Republic,13:47.9
Maryland,Prince Frederick,13:48.8
Maryland,Princess Anne,13:49.7
Maryland,Rock Hall,13:58.3
Maryland,Saint Michaels,14:03.8
Maryland,Severna Park,14:12.6
Maryland,Silver Spring,14:13.6
Maryland,Snow Hill,14:16.4
Maryland,Temple Hills,14:29.3
Maryland,Union Bridge,14:34.9
Maryland,White Plains,14:46.6
Massachusetts,East Bridgewater,16:30.0
Massachusetts,East Longmeadow,16:30.9
Massachusetts,Fall River,16:44.1
Massachusetts,Great Barrington,17:15.3
Massachusetts,Indian Orchard,17:57.9
Massachusetts,Marstons Mills,19:16.6
Massachusetts,New Bedford,20:14.2
Massachusetts,North Adams,20:26.2
Massachusetts,North Andover,20:27.1
Massachusetts,North Attleboro,20:28.1
Massachusetts,North Brookfield,20:29.0
Massachusetts,North Chelmsford,20:29.8
Massachusetts,North Easton,20:30.7
Massachusetts,North Grafton,20:31.6
Massachusetts,North Reading,20:32.5
Massachusetts,Shelburne Falls,21:35.0
Massachusetts,South Deerfield,21:47.2
Massachusetts,South Dennis,21:48.1
Massachusetts,South Easton,21:49.0
Massachusetts,South Grafton,21:49.9
Massachusetts,South Hadley,21:50.8
Massachusetts,South Yarmouth,21:52.0
Massachusetts,Three Rivers,22:48.5
Massachusetts,Turners Falls,22:51.2
Massachusetts,West Boylston,23:36.5
Massachusetts,West Brookfield,23:37.4
Massachusetts,West Harwich,23:38.3
Massachusetts,West Springfield,23:39.3
Michigan,Allen Park,25:01.5
Michigan,Ann Arbor,25:13.8
Michigan,Au Gres,25:16.7
Michigan,Auburn Hills,25:19.4
Michigan,Bad Axe,25:23.9
Michigan,Bark River,25:30.1
Michigan,Battle Creek,25:32.7
Michigan,Bay City,25:33.6
Michigan,Bear Lake,25:34.6
Michigan,Benton Harbor,25:52.1
Michigan,Berrien Springs,25:56.6
Michigan,Big Rapids,26:01.3
Michigan,Boyne City,26:07.7
Michigan,Brown City,26:19.9
Michigan,Bruce Crossing,26:20.7
Michigan,Byron Center,26:26.3
Michigan,Carson City,26:44.5
Michigan,Cass City,26:48.9
Michigan,Cedar Springs,26:52.0
Michigan,Center Line,26:53.0
Michigan,Central Lake,26:54.0
Michigan,Clinton Township,27:24.9
Michigan,Crystal Falls,27:47.8
Michigan,Dearborn Heights,27:57.6
Michigan,East Jordan,29:01.6
Michigan,East Lansing,29:02.4
Michigan,Eaton Rapids,29:06.2
Michigan,Eau Claire,29:07.1
Michigan,Elk Rapids,29:13.3
Michigan,Flat Rock,29:43.6
Michigan,Garden City,30:21.4
Michigan,Grand Blanc,30:32.9
Michigan,Grand Haven,30:33.7
Michigan,Grand Ledge,30:34.6
Michigan,Grand Rapids,30:35.5
Michigan,Grass Lake,30:40.9
Michigan,Grosse Pointe,30:47.5
Michigan,Harbor Beach,31:06.3
Michigan,Harbor Springs,31:07.1
Michigan,Hazel Park,31:18.1
Michigan,Houghton Lake,31:42.4
Michigan,Howard City,31:43.3
Michigan,Imlay City,31:53.7
Michigan,Indian River,31:54.6
Michigan,Iron Mountain,32:00.1
Michigan,Iron River,32:01.0
Michigan,Keego Harbor,32:37.2
Michigan,Lake City,32:51.5
Michigan,Lake Linden,32:52.4
Michigan,Lake Odessa,32:53.6
Michigan,Lake Orion,32:54.4
Michigan,Lincoln Park,33:18.5
Michigan,Madison Heights,33:38.9
Michigan,Maple Rapids,33:49.9
Michigan,Marine City,33:52.7
Michigan,Mc Bain,34:10.7
Michigan,Michigan Center,34:23.0
Michigan,Minden City,34:38.1
Michigan,Mount Clemens,34:46.1
Michigan,Mount Morris,34:47.0
Michigan,Mount Pleasant,34:47.9
Michigan,New Baltimore,35:07.9
Michigan,New Buffalo,35:08.8
Michigan,New Haven,35:09.7
Michigan,New Lothrop,35:10.6
Michigan,North Adams,35:18.5
Michigan,North Branch,35:19.5
Michigan,Oak Park,35:26.0
Michigan,Paw Paw,35:49.0
Michigan,Pleasant Ridge,36:06.1
Michigan,Port Huron,36:14.9
Michigan,Reed City,36:32.9
Michigan,River Rouge,36:41.8
Michigan,Rogers City,36:52.2
Michigan,Rose City,36:59.6
Michigan,Royal Oak,37:04.0
Michigan,Saint Charles,37:18.3
Michigan,Saint Clair,37:19.2
Michigan,Saint Clair Shores,37:20.1
Michigan,Saint Ignace,37:21.1
Michigan,Saint Johns,37:21.9
Michigan,Saint Joseph,37:22.8
Michigan,Saint Louis,37:23.6
Michigan,Sault Sainte Marie,37:33.0
Michigan,South Haven,37:43.3
Michigan,South Lyon,37:44.2
Michigan,South Range,37:45.2
Michigan,Spring Lake,37:54.8
Michigan,Sterling Heights,38:04.2
Michigan,Suttons Bay,38:13.7
Michigan,Tawas City,38:14.5
Michigan,Three Oaks,38:29.2
Michigan,Three Rivers,38:30.1
Michigan,Traverse City,38:31.1
Michigan,Union City,38:42.6
Michigan,Walled Lake,38:55.6
Michigan,West Branch,39:14.0
Michigan,White Cloud,39:18.7
Michigan,White Lake,39:19.6
Michigan,White Pigeon,39:20.5
Minnesota,Albert Lea,39:50.3
Minnesota,Apple Valley,39:59.8
Minnesota,Battle Lake,40:22.3
Minnesota,Belle Plaine,40:31.4
Minnesota,Bird Island,40:40.8
Minnesota,Blooming Prairie,40:47.5
Minnesota,Blue Earth,40:51.1
Minnesota,Brooklyn Park,41:01.4
Minnesota,Browns Valley,41:04.3
Minnesota,Cannon Falls,41:18.0
Minnesota,Cass Lake,41:18.9
Minnesota,Clara City,41:25.3
Minnesota,Clear Lake,41:30.0
Minnesota,Cold Spring,41:39.2
Minnesota,Coon Rapids,41:42.1
Minnesota,Cottage Grove,41:43.0
Minnesota,Deer River,41:56.1
Minnesota,Detroit Lakes,41:59.0
Minnesota,Dodge Center,41:59.9
Minnesota,Eagle Bend,42:12.1
Minnesota,East Grand Forks,42:13.0
Minnesota,Eden Prairie,42:17.1
Minnesota,Eden Valley,42:18.1
Minnesota,Elbow Lake,42:21.9
Minnesota,Elk River,42:22.8
Minnesota,Fergus Falls,42:45.9
Minnesota,Forest Lake,42:50.7
Minnesota,Grand Marais,43:10.3
Minnesota,Grand Meadow,43:11.2
Minnesota,Grand Rapids,43:12.1
Minnesota,Granite Falls,43:13.1
Minnesota,Heron Lake,43:37.3
Minnesota,Howard Lake,43:55.0
Minnesota,International Falls,43:57.9
Minnesota,Inver Grove Heights,43:58.8
Minnesota,La Crescent,44:22.0
Minnesota,Lake Benton,44:22.9
Minnesota,Lake City,44:23.8
Minnesota,Lake Crystal,44:24.7
Minnesota,Lake Lillian,44:25.6
Minnesota,Lake Park,44:28.4
Minnesota,Le Center,44:36.8
Minnesota,Le Roy,44:37.7
Minnesota,Le Sueur,44:38.6
Minnesota,Lester Prairie,44:39.6
Minnesota,Little Falls,44:46.3
Minnesota,Long Lake,44:47.2
Minnesota,Long Prairie,44:48.1
Minnesota,Maple Lake,45:07.1
Minnesota,Maple Plain,45:08.0
Minnesota,Middle River,45:21.7
Minnesota,Moose Lake,45:58.8
Minnesota,Mountain Lake,46:09.2
Minnesota,New London,46:11.8
Minnesota,New Prague,46:12.9
Minnesota,New Richland,46:13.7
Minnesota,New Ulm,46:14.6
Minnesota,New York Mills,46:15.4
Minnesota,North Branch,46:18.1
Minnesota,North Mankato,46:19.0
Minnesota,Park Rapids,46:41.0
Minnesota,Parkers Prairie,46:41.8
Minnesota,Pelican Rapids,46:45.5
Minnesota,Pequot Lakes,46:46.3
Minnesota,Pine City,46:52.1
Minnesota,Pine Island,46:53.0
Minnesota,Pine River,46:54.0
Minnesota,Prior Lake,47:03.8
Minnesota,Red Lake Falls,47:06.5
Minnesota,Red Wing,47:07.6
Minnesota,Redwood Falls,47:08.5
Minnesota,Rush City,47:22.0
Minnesota,Sacred Heart,47:24.8
Minnesota,Saint Charles,47:25.8
Minnesota,Saint Cloud,47:26.6
Minnesota,Saint James,47:27.4
Minnesota,Saint Joseph,47:28.2
Minnesota,Saint Louis Park,47:29.1
Minnesota,Saint Michael,47:30.1
Minnesota,Saint Paul,47:31.0
Minnesota,Saint Peter,47:32.0
Minnesota,Sauk Centre,47:36.5
Minnesota,Sauk Rapids,47:37.5
Minnesota,Silver Lake,47:46.1
Minnesota,Sleepy Eye,47:48.8
Minnesota,South Saint Paul,47:49.7
Minnesota,Spring Grove,47:52.6
Minnesota,Spring Valley,47:53.5
Minnesota,Thief River Falls,48:12.2
Minnesota,Twin Valley,48:21.6
Minnesota,Two Harbors,48:22.4
Minnesota,Walnut Grove,48:49.3
Minnesota,West Concord,49:08.1
Mississippi,Bay Saint Louis,49:55.9
Mississippi,Bay Springs,49:56.8
Mississippi,Calhoun City,50:37.5
Mississippi,Crystal Springs,51:52.2
Mississippi,De Kalb,51:53.1
Mississippi,Holly Springs,53:12.3
Mississippi,Long Beach,54:03.7
Mississippi,Moss Point,55:08.3
Mississippi,Mound Bayou,55:09.1
Mississippi,Mount Olive,55:10.1
Mississippi,New Albany,55:20.5
Mississippi,Olive Branch,55:28.1
Mississippi,Port Gibson,56:03.3
Missouri,Appleton City,56:30.3
Missouri,Ash Grove,56:37.1
Missouri,Blue Springs,58:12.6
Missouri,Bonne Terre,58:17.5
Missouri,Bowling Green,58:26.8
Missouri,Burlington Junction,58:56.6
Missouri,Cape Girardeau,59:22.5
Missouri,Carl Junction,59:23.2
Missouri,Cedar Hill,59:33.9
Missouri,Cole Camp,00:13.9
Missouri,De Soto,00:40.3
Missouri,East Prairie,00:56.0
Missouri,El Dorado Springs,01:01.5
Missouri,Excelsior Springs,01:18.1
Missouri,Garden City,01:55.4
Missouri,Gilman City,02:00.9
Missouri,Golden City,02:05.6
Missouri,Grain Valley,02:10.0
Missouri,Grant City,02:15.4
Missouri,Green City,02:16.3
Missouri,Hawk Point,02:37.2
Missouri,Holts Summit,02:58.1
Missouri,Jefferson City,03:28.6
Missouri,Kansas City,03:40.0
Missouri,Kimberling City,03:45.6
Missouri,King City,03:46.5
Missouri,Knob Noster,03:50.8
Missouri,La Belle,03:51.7
Missouri,La Grange,03:52.6
Missouri,La Monte,03:53.4
Missouri,La Plata,03:54.2
Missouri,Lees Summit,04:14.6
Missouri,Marble Hill,04:49.9
Missouri,Monroe City,05:36.8
Missouri,Montgomery City,05:37.7
Missouri,Moscow Mills,05:43.2
Missouri,Mound City,05:44.1
Missouri,Mount Vernon,05:45.0
Missouri,Mountain Grove,05:45.8
Missouri,Mountain View,05:46.8
Missouri,New Cambria,05:54.3
Missouri,New Florence,05:55.2
Missouri,New Franklin,05:56.1
Missouri,New Haven,05:57.0
Missouri,New Madrid,05:57.8
Missouri,O Fallon,06:06.5
Missouri,Oak Grove,06:07.4
Missouri,Park Hills,06:31.1
Missouri,Pierce City,06:48.0
Missouri,Pilot Knob,06:48.8
Missouri,Platte City,06:51.6
Missouri,Pleasant Hill,06:54.2
Missouri,Poplar Bluff,06:57.1
Missouri,Prairie Home,07:02.6
Missouri,Queen City,07:09.2
Missouri,Rich Hill,07:16.0
Missouri,Rock Port,07:24.6
Missouri,Saint Ann,07:34.8
Missouri,Saint Charles,07:35.9
Missouri,Saint Clair,07:36.8
Missouri,Saint Elizabeth,07:37.7
Missouri,Saint James,07:38.7
Missouri,Saint Joseph,07:39.6
Missouri,Saint Louis,07:40.7
Missouri,Saint Peters,07:41.5
Missouri,Sainte Genevieve,07:42.4
Missouri,Schell City,07:52.9
Missouri,Scott City,07:54.1
Missouri,Shell Knob,08:09.5
Missouri,South West City,08:22.2
Missouri,Sweet Springs,09:02.8
Missouri,Van Buren,09:30.4
Missouri,Walnut Grove,09:41.8
Missouri,Webb City,10:03.8
Missouri,West Plains,10:12.7
Missouri,Willow Springs,10:23.9
Missouri,Wright City,10:32.5
Montana,Big Timber,10:42.7
Montana,Columbia Falls,11:11.5
Montana,Cut Bank,11:18.2
Montana,Deer Lodge,11:19.1
Montana,East Helena,11:21.8
Montana,Fort Benton,11:28.7
Montana,Great Falls,11:33.5
Montana,Lame Deer,11:54.5
Montana,Miles City,12:06.6
Montana,Red Lodge,12:21.4
Montana,Saint Ignatius,12:26.1
Montana,Three Forks,12:38.5
Montana,Twin Bridges,12:42.1
Montana,White Sulphur Springs,12:44.9
Montana,Wolf Creek,12:51.8
Nebraska,Battle Creek,13:24.1
Nebraska,Beaver City,13:30.8
Nebraska,Beaver Crossing,13:31.7
Nebraska,Blue Hill,13:45.4
Nebraska,Broken Bow,13:50.9
Nebraska,Cedar Bluffs,14:05.4
Nebraska,Cedar Rapids,14:06.2
Nebraska,Central City,14:07.0
Nebraska,Clay Center,14:14.1
Nebraska,David City,14:37.0
Nebraska,De Witt,14:37.9
Nebraska,Falls City,14:58.6
Nebraska,Fort Calhoun,15:01.4
Nebraska,Grand Island,15:25.1
Nebraska,Hay Springs,15:40.1
Nebraska,La Vista,16:11.6
Nebraska,Loup City,16:27.9
Nebraska,Mc Cook,16:34.7
Nebraska,Nebraska City,16:45.0
Nebraska,Newman Grove,16:49.6
Nebraska,North Bend,16:57.1
Nebraska,North Platte,16:58.2
Nebraska,Pawnee City,17:38.9
Nebraska,Red Cloud,17:59.9
Nebraska,Saint Edward,18:02.9
Nebraska,Saint Paul,18:03.9
Nebraska,South Sioux City,18:19.9
Nebraska,Weeping Water,19:01.5
Nebraska,West Point,19:02.4
Nebraska,Wood River,19:10.8
Nevada,Carson City,19:20.0
Nevada,Las Vegas,19:32.3
New Hampshire,Center Ossipee,20:17.8
New Hampshire,New London,21:54.1
New Hampshire,North Conway,21:58.8
New Hampshire,North Woodstock,21:59.7
New Jersey,Asbury Park,22:48.4
New Jersey,Atlantic City,22:51.1
New Jersey,Atlantic Highlands,22:51.9
New Jersey,Basking Ridge,23:07.0
New Jersey,Berkeley Heights,23:44.4
New Jersey,Bound Brook,24:15.1
New Jersey,Browns Mills,24:33.0
New Jersey,Cape May,24:55.4
New Jersey,Cape May Court House,24:56.2
New Jersey,Cedar Grove,25:03.1
New Jersey,Cherry Hill,25:08.6
New Jersey,Cliffside Park,25:19.0
New Jersey,East Brunswick,26:00.9
New Jersey,East Hanover,26:01.9
New Jersey,East Orange,26:02.8
New Jersey,Egg Harbor City,26:10.4
New Jersey,Elmwood Park,26:25.7
New Jersey,Fair Lawn,26:29.4
New Jersey,Florham Park,26:40.7
New Jersey,Forked River,26:45.6
New Jersey,Fort Lee,26:46.5
New Jersey,Franklin Lakes,26:49.3
New Jersey,Freehold Township,26:53.2
New Jersey,Gloucester City,27:06.9
New Jersey,Haddon Heights,27:17.7
New Jersey,Hasbrouck Heights,27:37.6
New Jersey,High Bridge,27:42.3
New Jersey,Highland Park,27:43.2
New Jersey,Jersey City,28:12.4
New Jersey,Lake Hiawatha,28:27.7
New Jersey,Lincoln Park,28:52.5
New Jersey,Little Falls,29:04.0
New Jersey,Little Ferry,29:05.0
New Jersey,Long Branch,29:15.5
New Jersey,Manchester Township,29:35.5
New Jersey,Maple Shade,29:43.4
New Jersey,Margate City,29:46.1
New Jersey,Mays Landing,29:52.5
New Jersey,Midland Park,30:38.4
New Jersey,Monmouth Junction,30:50.6
New Jersey,Morris Plains,31:03.6
New Jersey,Mount Ephraim,31:09.5
New Jersey,Mount Holly,31:10.4
New Jersey,Mount Laurel,31:11.4
New Jersey,Mullica Hill,31:12.2
New Jersey,New Brunswick,31:20.4
New Jersey,New Egypt,31:21.4
New Jersey,New Milford,31:22.2
New Jersey,North Arlington,31:52.2
New Jersey,North Bergen,31:53.1
New Jersey,Ocean City,32:09.3
New Jersey,Ocean Grove,32:10.2
New Jersey,Old Bridge,32:11.1
New Jersey,Park Ridge,32:30.9
New Jersey,Penns Grove,33:10.9
New Jersey,Perth Amboy,33:22.5
New Jersey,Point Pleasant Beach,33:43.8
New Jersey,Pompton Plains,33:44.6
New Jersey,Port Norris,33:45.6
New Jersey,Port Reading,33:46.5
New Jersey,Red Bank,34:03.3
New Jersey,Ridgefield Park,34:08.1
New Jersey,River Edge,34:13.6
New Jersey,Roselle Park,34:35.9
New Jersey,Saddle Brook,34:44.6
New Jersey,Scotch Plains,34:52.0
New Jersey,Seaside Park,34:52.9
New Jersey,Somers Point,35:00.5
New Jersey,South Amboy,35:08.0
New Jersey,South Orange,35:08.9
New Jersey,South Plainfield,35:09.8
New Jersey,South River,35:10.7
New Jersey,Spring Lake,35:17.4
New Jersey,Three Bridges,35:39.0
New Jersey,Toms River,35:39.8
New Jersey,Union City,36:31.5
New Jersey,Ventnor City,36:35.2
New Jersey,West Berlin,37:00.6
New Jersey,West Long Branch,37:01.5
New Jersey,West Milford,37:02.5
New Jersey,West New York,37:03.4
New Jersey,West Orange,37:04.3
New Jersey,Wood Ridge,37:31.8
New Mexico,Fort Sumner,38:49.1
New Mexico,Las Cruces,39:04.0
New Mexico,Las Vegas,39:04.9
New Mexico,Rio Rancho,39:19.7
New Mexico,Santa Fe,39:27.3
New Mexico,Santa Rosa,39:28.2
New Mexico,Silver City,39:31.0
New Mexico,Truth or Consequences,39:34.4
New York,Alexandria Bay,40:06.6
New York,Au Sable Forks,41:03.2
New York,Averill Park,41:17.2
New York,Ballston Lake,41:34.5
New York,Ballston Spa,41:35.4
New York,Bay Shore,42:05.2
New York,Big Flats,42:30.0
New York,Black River,42:52.0
New York,Briarcliff Manor,43:32.1
New York,Cape Vincent,49:36.5
New York,Carle Place,49:37.4
New York,Castleton on Hudson,49:50.3
New York,Center Moriches,50:02.1
New York,Central Bridge,50:05.1
New York,Central Islip,50:06.0
New York,Central Square,50:07.0
New York,Cherry Valley,50:26.9
New York,Clarence Center,50:46.8
New York,Clifton Park,50:50.6
New York,Clifton Springs,50:51.6
New York,Cold Spring,51:13.5
New York,College Point,51:14.4
New York,Deer Park,51:40.5
New York,Dover Plains,51:43.5
New York,East Amherst,51:57.4
New York,East Aurora,51:58.3
New York,East Elmhurst,51:59.2
New York,East Greenbush,52:00.1
New York,East Hampton,52:01.0
New York,East Islip,52:01.9
New York,East Meadow,52:02.8
New York,East Northport,52:03.8
New York,East Rochester,52:04.7
New York,East Rockaway,52:05.6
New York,East Syracuse,52:06.5
New York,Ellenburg Depot,52:19.0
New York,Evans Mills,52:49.4
New York,Far Rockaway,52:56.2
New York,Floral Park,53:05.8
New York,Forest Hills,53:19.9
New York,Fort Ann,53:22.7
New York,Fort Edward,53:23.6
New York,Fort Plain,53:24.4
New York,Franklin Square,53:29.9
New York,Fresh Meadows,53:37.3
New York,Garden City,53:50.5
New York,Glen Cove,54:05.9
New York,Glen Head,54:06.8
New York,Glens Falls,54:07.6
New York,Grand Gorge,54:26.2
New York,Grand Island,54:27.2
New York,Great Neck,54:30.1
New York,Greenwood Lake,54:40.9
New York,Hampton Bays,54:57.2
New York,Hastings on Hudson,55:08.8
New York,Highland Falls,55:37.6
New York,Highland Mills,55:38.5
New York,Holland Patent,55:45.0
New York,Honeoye Falls,55:53.4
New York,Hoosick Falls,55:57.2
New York,Hopewell Junction,55:58.1
New York,Howard Beach,56:06.6
New York,Hudson Falls,56:13.7
New York,Huntington Station,56:16.6
New York,Hyde Park,56:17.6
New York,Island Park,56:26.2
New York,Islip Terrace,56:29.1
New York,Jackson Heights,56:34.9
New York,Johnson City,56:55.7
New York,Kauneonga Lake,57:04.7
New York,Kings Park,57:09.4
New York,La Fayette,57:17.9
New York,Lake George,57:20.6
New York,Lake Luzerne,57:21.5
New York,Lake Placid,57:22.3
New York,Le Roy,57:34.3
New York,Little Falls,57:49.0
New York,Little Neck,57:50.0
New York,Little Valley,57:50.8
New York,Livingston Manor,57:53.8
New York,Lyon Mountain,58:09.4
New York,Massapequa Park,58:58.1
New York,Mc Graw,59:08.0
New York,Middle Island,59:23.4
New York,Middle Village,59:24.3
New York,Miller Place,59:37.8
New York,Montour Falls,59:56.9
New York,Mount Kisco,00:09.5
New York,Mount Morris,00:10.4
New York,Mount Vernon,00:11.3
New York,New Berlin,00:19.7
New York,New City,00:20.5
New York,New Hartford,00:21.4
New York,New Hyde Park,00:22.3
New York,New Paltz,00:23.1
New York,New Rochelle,00:24.1
New York,New Windsor,00:25.1
New York,New York,00:26.6
New York,New York Mills,00:27.4
New York,Newark Valley,00:32.1
New York,Niagara Falls,00:45.7
New York,North Collins,00:50.3
New York,North Creek,00:51.2
New York,North Lawrence,00:52.2
New York,North River,00:53.1
New York,North Rose,00:54.1
New York,North Tonawanda,00:55.0
New York,Old Forge,01:12.3
New York,Orchard Park,01:27.9
New York,Oyster Bay,01:46.4
New York,Ozone Park,01:47.4
New York,Pearl River,02:00.8
New York,Penn Yan,02:11.0
New York,Pine Bush,02:23.6
New York,Pine Island,02:24.8
New York,Pine Plains,02:25.7
New York,Pleasant Valley,02:36.2
New York,Port Byron,02:43.2
New York,Port Chester,02:44.1
New York,Port Ewen,02:44.9
New York,Port Henry,02:45.9
New York,Port Jefferson Station,02:46.8
New York,Port Jervis,02:47.8
New York,Port Leyden,02:48.7
New York,Port Washington,02:49.7
New York,Queens Village,03:07.3
New York,Red Creek,03:20.1
New York,Red Hook,03:21.0
New York,Rego Park,03:21.9
New York,Richfield Springs,03:30.8
New York,Richmond Hill,03:31.7
New York,Rockville Centre,04:34.4
New York,Rocky Point,04:35.3
New York,Roslyn Heights,04:49.2
New York,Rouses Point,04:50.2
New York,Sag Harbor,04:55.8
New York,Saint Albans,04:57.0
New York,Saint James,04:58.0
New York,Saint Johnsville,04:58.8
New York,Saint Regis Falls,04:59.7
New York,Sandy Creek,05:05.6
New York,Saranac Lake,05:06.5
New York,Saratoga Springs,05:07.4
New York,Schroon Lake,05:37.8
New York,Seneca Falls,05:44.4
New York,Sharon Springs,05:45.3
New York,Shelter Island Heights,05:46.2
New York,Silver Creek,05:56.8
New York,South Dayton,06:09.7
New York,South Glens Falls,06:10.6
New York,South Richmond Hill,06:11.6
New York,Spring Valley,06:21.5
New York,Star Lake,06:26.2
New York,Staten Island,06:27.1
New York,Stone Ridge,06:30.2
New York,Stony Point,06:31.2
New York,Tupper Lake,07:48.3
New York,Valley Stream,08:11.2
New York,Wading River,08:24.8
New York,Wappingers Falls,08:35.7
New York,Watkins Glen,09:06.8
New York,West Babylon,09:29.0
New York,West Hempstead,09:29.9
New York,West Islip,09:30.9
New York,West Nyack,09:32.0
New York,West Sand Lake,09:32.9
New York,West Seneca,09:33.9
New York,West Winfield,09:34.8
New York,Westhampton Beach,09:40.6
New York,White Plains,09:43.7
New York,Whitney Point,09:53.6
New York,Williston Park,10:00.6
North Carolina,Bessemer City,11:48.0
North Carolina,Black Mountain,11:53.8
North Carolina,Bryson City,12:07.7
North Carolina,Chapel Hill,12:40.0
North Carolina,China Grove,13:00.3
North Carolina,East Bend,14:05.7
North Carolina,Elizabeth City,14:16.1
North Carolina,Fair Bluff,14:32.5
North Carolina,Forest City,14:57.1
North Carolina,Four Oaks,15:00.2
North Carolina,Fuquay Varina,15:10.4
North Carolina,Granite Falls,15:43.9
North Carolina,High Point,16:35.1
North Carolina,Holly Ridge,16:44.6
North Carolina,Holly Springs,16:45.5
North Carolina,Hope Mills,16:46.3
North Carolina,Kings Mountain,17:14.4
North Carolina,La Grange,17:29.2
North Carolina,Laurel Hill,17:32.4
North Carolina,Morehead City,19:06.1
North Carolina,Mount Airy,19:13.1
North Carolina,Mount Gilead,19:14.0
North Carolina,Mount Holly,19:14.9
North Carolina,Mount Olive,19:16.0
North Carolina,Mount Pleasant,19:17.1
North Carolina,New Bern,19:27.5
North Carolina,Newton Grove,19:38.3
North Carolina,North Wilkesboro,19:39.1
North Carolina,Old Fort,19:43.0
North Carolina,Pilot Mountain,19:55.7
North Carolina,Pink Hill,20:01.6
North Carolina,Red Springs,20:42.0
North Carolina,Rich Square,20:47.9
North Carolina,Roanoke Rapids,20:54.3
North Carolina,Rocky Mount,21:14.9
North Carolina,Rose Hill,21:18.7
North Carolina,Rural Hall,21:31.9
North Carolina,Saint Pauls,21:36.5
North Carolina,Scotland Neck,21:54.1
North Carolina,Siler City,22:08.2
North Carolina,Snow Hill,22:13.4
North Carolina,Southern Pines,22:15.2
North Carolina,Spring Hope,22:19.8
North Carolina,Spring Lake,22:20.7
North Carolina,Spruce Pine,22:21.8
North Carolina,Stony Point,22:34.5
North Carolina,Tabor City,22:51.0
North Carolina,Wake Forest,23:25.0
North Carolina,Walnut Cove,23:29.8
North Carolina,West End,23:54.9
North Carolina,West Jefferson,23:55.8
North Carolina,Winston Salem,24:38.3
North Dakota,Devils Lake,25:24.0
North Dakota,Glen Ullin,26:11.6
North Dakota,Grand Forks,26:15.7
North Dakota,New Leipzig,27:22.0
North Dakota,New Rockford,27:23.0
North Dakota,New Town,27:23.8
North Dakota,Park River,27:30.5
North Dakota,Valley City,27:46.4
North Dakota,Watford City,27:56.9
North Dakota,West Fargo,27:57.8
Ohio,Avon Lake,29:29.0
Ohio,Beach City,29:45.7
Ohio,Belle Center,30:01.9
Ohio,Berlin Heights,30:19.7
Ohio,Bowling Green,30:39.2
Ohio,Broadview Heights,30:52.0
Ohio,Brook Park,30:52.9
Ohio,Canal Fulton,31:33.2
Ohio,Canal Winchester,31:34.0
Ohio,Chagrin Falls,32:12.6
Ohio,Cleveland Heights,33:58.0
Ohio,Columbus Grove,34:49.5
Ohio,Cuyahoga Falls,35:25.8
Ohio,De Graff,35:48.5
Ohio,Deer Park,35:49.4
Ohio,Duncan Falls,36:16.5
Ohio,East Canton,36:17.4
Ohio,East Cleveland,36:18.3
Ohio,East Liverpool,36:19.2
Ohio,East Palestine,36:20.1
Ohio,Fairport Harbor,36:58.6
Ohio,Fairview Park,36:59.4
Ohio,Forest Park,37:15.1
Ohio,Fort Jennings,37:16.0
Ohio,Fort Loramie,37:17.0
Ohio,Fort Recovery,37:17.9
Ohio,Garfield Heights,37:50.2
Ohio,Grand Rapids,38:20.0
Ohio,Green Springs,38:25.1
Ohio,Grove City,38:36.0
Ohio,Huber Heights,39:23.3
Ohio,Jackson Center,39:37.9
Ohio,La Rue,40:09.2
Ohio,Liberty Center,40:39.2
Ohio,Liberty Township,40:40.1
Ohio,Maple Heights,41:59.6
Ohio,Martins Ferry,42:15.2
Ohio,Mayfield Heights,42:33.8
Ohio,Mc Arthur,42:34.7
Ohio,Mc Clure,42:35.8
Ohio,Mc Comb,42:36.9
Ohio,Mc Connelsville,42:37.9
Ohio,Middleburg Heights,43:06.7
Ohio,Mineral Ridge,43:41.6
Ohio,Mingo Junction,43:49.6
Ohio,Mount Eaton,44:05.8
Ohio,Mount Gilead,44:06.8
Ohio,Mount Healthy,44:07.9
Ohio,Mount Orab,44:08.9
Ohio,Mount Sterling,44:09.9
Ohio,Mount Vernon,44:11.6
Ohio,Mount Victory,44:12.6
Ohio,Murray City,44:16.9
Ohio,New Boston,44:31.2
Ohio,New Bremen,44:33.7
Ohio,New Carlisle,44:37.9
Ohio,New Concord,44:39.5
Ohio,New Holland,44:40.6
Ohio,New Knoxville,44:41.6
Ohio,New Lebanon,44:42.7
Ohio,New Lexington,44:43.8
Ohio,New London,44:45.8
Ohio,New Madison,44:46.8
Ohio,New Matamoras,44:47.9
Ohio,New Middletown,44:48.9
Ohio,New Paris,44:50.0
Ohio,New Philadelphia,44:51.0
Ohio,New Richmond,44:52.6
Ohio,New Vienna,44:53.7
Ohio,New Washington,44:55.0
Ohio,Newton Falls,45:11.2
Ohio,North Baltimore,45:22.6
Ohio,North Canton,45:23.6
Ohio,North Jackson,45:24.6
Ohio,North Kingsville,45:26.2
Ohio,North Lewisburg,45:27.3
Ohio,North Lima,45:28.3
Ohio,North Olmsted,45:29.7
Ohio,North Ridgeville,45:30.8
Ohio,North Royalton,45:31.8
Ohio,Oak Harbor,45:47.8
Ohio,Oak Hill,45:48.7
Ohio,Plain City,46:50.6
Ohio,Pleasant Hill,46:51.6
Ohio,Port Clinton,47:00.9
Ohio,Powhatan Point,47:07.6
Ohio,Quaker City,47:12.8
Ohio,Rock Creek,47:36.8
Ohio,Sagamore Hills,47:52.8
Ohio,Saint Clairsville,47:54.1
Ohio,Saint Henry,47:56.0
Ohio,Saint Marys,47:57.0
Ohio,Saint Paris,47:58.1
Ohio,Shaker Heights,48:31.1
Ohio,Sinking Spring,48:50.6
Ohio,South Charleston,48:58.9
Ohio,South Euclid,48:59.8
Ohio,South Webster,49:00.7
Ohio,Tipp City,50:00.3
Ohio,Upper Sandusky,50:53.9
Ohio,Valley City,50:59.9
Ohio,Van Wert,51:01.8
Ohio,Walnut Hills,51:22.2
Ohio,Warrensville Heights,51:37.7
Ohio,Washington Court House,51:40.6
Ohio,West Alexandria,52:10.1
Ohio,West Chester,52:11.1
Ohio,West Jefferson,52:12.4
Ohio,West Lafayette,52:14.5
Ohio,West Liberty,52:15.5
Ohio,West Mansfield,52:16.5
Ohio,West Milton,52:17.5
Ohio,West Portsmouth,52:18.8
Ohio,West Salem,52:19.7
Ohio,West Union,52:20.8
Ohio,Willoughby Hills,52:49.1
Ohio,Yellow Springs,53:11.3
Oklahoma,Boise City,54:47.5
Oklahoma,Broken Arrow,54:55.1
Oklahoma,Broken Bow,54:56.1
Oklahoma,Del City,56:15.9
Oklahoma,El Reno,56:33.9
Oklahoma,Elk City,56:38.3
Oklahoma,Fort Cobb,56:56.6
Oklahoma,Fort Gibson,56:57.5
Oklahoma,Fort Towson,56:58.5
Oklahoma,Locust Grove,58:36.7
Oklahoma,Lone Wolf,58:37.9
Oklahoma,Mountain View,59:14.5
Oklahoma,Oklahoma City,59:49.0
Oklahoma,Pauls Valley,00:01.3
Oklahoma,Ponca City,00:14.8
Oklahoma,Pond Creek,00:15.6
Oklahoma,Rush Springs,00:32.0
Oklahoma,Sand Springs,00:39.6
Oklahoma,Webbers Falls,02:46.7
Pennsylvania,Allison Park,03:57.2
Pennsylvania,Alum Bank,04:15.7
Pennsylvania,Bala Cynwyd,04:57.0
Pennsylvania,Beaver Falls,05:13.8
Pennsylvania,Beech Creek,05:21.3
Pennsylvania,Belle Vernon,05:22.3
Pennsylvania,Bethel Park,05:57.2
Pennsylvania,Broad Top,06:51.5
Pennsylvania,Bryn Mawr,07:11.2
Pennsylvania,Buena Vista,07:14.0
Pennsylvania,Cambridge Springs,07:27.3
Pennsylvania,Camp Hill,07:28.4
Pennsylvania,Central City,08:16.4
Pennsylvania,Centre Hall,08:17.4
Pennsylvania,Chadds Ford,08:18.4
Pennsylvania,Cherry Tree,08:30.1
Pennsylvania,Clarks Summit,08:52.7
Pennsylvania,Clifton Heights,09:01.7
Pennsylvania,Conneaut Lake,09:30.6
Pennsylvania,Cranberry Twp,10:01.0
Pennsylvania,Dickson City,10:40.1
Pennsylvania,Drexel Hill,11:02.5
Pennsylvania,Dry Run,11:05.7
Pennsylvania,Du Bois,11:06.7
Pennsylvania,East Berlin,11:26.7
Pennsylvania,East Brady,11:27.6
Pennsylvania,East Greenville,11:28.5
Pennsylvania,East Mc Keesport,11:29.4
Pennsylvania,East Pittsburgh,11:30.3
Pennsylvania,East Springfield,11:31.2
Pennsylvania,East Stroudsburg,11:32.2
Pennsylvania,Eau Claire,11:37.8
Pennsylvania,Ellwood City,11:57.6
Pennsylvania,Evans City,12:31.4
Pennsylvania,Fayette City,12:53.2
Pennsylvania,Feasterville Trevose,12:54.2
Pennsylvania,Ford City,13:04.0
Pennsylvania,Forest City,13:05.4
Pennsylvania,Glen Lyon,13:51.7
Pennsylvania,Glen Rock,13:52.5
Pennsylvania,Grove City,14:23.8
Pennsylvania,Harrison City,14:49.5
Pennsylvania,Homer City,15:42.2
Pennsylvania,Honey Brook,15:53.1
Pennsylvania,Honey Grove,15:54.0
Pennsylvania,Hunlock Creek,16:12.6
Pennsylvania,Huntingdon Valley,16:17.3
Pennsylvania,Jersey Shore,16:50.9
Pennsylvania,Jim Thorpe,16:54.9
Pennsylvania,Kennett Square,17:15.8
Pennsylvania,Lafayette Hill,17:44.7
Pennsylvania,Lake Ariel,17:45.5
Pennsylvania,Lock Haven,19:02.9
Pennsylvania,Mahanoy City,19:21.0
Pennsylvania,Martins Creek,19:44.0
Pennsylvania,McKees Rocks,20:11.1
Pennsylvania,Mill Hall,21:26.0
Pennsylvania,Mount Carmel,22:27.5
Pennsylvania,Mount Holly Springs,22:28.4
Pennsylvania,Mount Jewett,22:30.2
Pennsylvania,Mount Joy,22:31.1
Pennsylvania,Mount Morris,22:32.0
Pennsylvania,Mount Pleasant,22:33.4
Pennsylvania,Mount Pleasant Mills,22:34.2
Pennsylvania,Mount Union,22:35.7
Pennsylvania,Mount Wolf,22:36.7
Pennsylvania,Mountain Top,22:37.6
Pennsylvania,Nanty Glo,22:54.6
Pennsylvania,Natrona Heights,22:55.6
Pennsylvania,New Alexandria,23:05.8
Pennsylvania,New Berlin,23:06.7
Pennsylvania,New Bethlehem,23:07.6
Pennsylvania,New Bloomfield,23:08.7
Pennsylvania,New Brighton,23:10.1
Pennsylvania,New Castle,23:11.1
Pennsylvania,New Cumberland,23:12.1
Pennsylvania,New Florence,23:13.0
Pennsylvania,New Freedom,23:14.0
Pennsylvania,New Holland,23:14.9
Pennsylvania,New Kensington,23:17.4
Pennsylvania,New Oxford,23:18.4
Pennsylvania,New Philadelphia,23:19.4
Pennsylvania,New Ringgold,23:20.3
Pennsylvania,New Salem,23:21.3
Pennsylvania,New Tripoli,23:22.3
Pennsylvania,New Wilmington,23:23.3
Pennsylvania,Newtown Square,23:28.3
Pennsylvania,North East,23:44.7
Pennsylvania,North Wales,23:45.6
Pennsylvania,Northern Cambria,23:49.7
Pennsylvania,Oil City,24:08.0
Pennsylvania,Old Forge,24:08.9
Pennsylvania,Osceola Mills,24:21.0
Pennsylvania,Pen Argyl,24:48.1
Pennsylvania,Pine Grove,28:31.5
Pennsylvania,Pleasant Unity,30:22.8
Pennsylvania,Plymouth Meeting,30:33.2
Pennsylvania,Point Marion,30:34.2
Pennsylvania,Port Allegany,30:35.3
Pennsylvania,Port Carbon,30:36.2
Pennsylvania,Port Royal,30:37.2
Pennsylvania,Red Hill,31:24.7
Pennsylvania,Red Lion,31:25.8
Pennsylvania,Ridley Park,31:45.6
Pennsylvania,Roaring Spring,31:53.5
Pennsylvania,Rock Glen,31:59.9
Pennsylvania,Rural Valley,32:09.5
Pennsylvania,Saint Clair,32:15.9
Pennsylvania,Saint Marys,32:16.9
Pennsylvania,Saint Petersburg,32:17.8
Pennsylvania,Saint Thomas,32:18.8
Pennsylvania,Sandy Lake,32:26.1
Pennsylvania,Schuylkill Haven,32:41.1
Pennsylvania,Seven Valleys,33:22.8
Pennsylvania,Sharon Hill,33:40.2
Pennsylvania,Slippery Rock,34:11.3
Pennsylvania,Snow Shoe,34:17.6
Pennsylvania,South Fork,34:24.6
Pennsylvania,South Park,34:25.6
Pennsylvania,South Sterling,34:26.5
Pennsylvania,Spring City,34:33.4
Pennsylvania,Spring Grove,34:34.3
Pennsylvania,State College,34:40.1
Pennsylvania,Sugar Grove,34:53.7
Pennsylvania,Summit Hill,34:56.9
Pennsylvania,Terre Hill,35:21.7
Pennsylvania,Tower City,35:33.7
Pennsylvania,Turtle Creek,35:51.2
Pennsylvania,Union City,36:02.2
Pennsylvania,Upper Darby,36:13.6
Pennsylvania,Valley View,36:15.5
Pennsylvania,Warriors Mark,36:38.8
Pennsylvania,West Alexander,37:11.8
Pennsylvania,West Chester,37:12.7
Pennsylvania,West Elizabeth,37:13.6
Pennsylvania,West Grove,37:14.6
Pennsylvania,West Middlesex,37:15.6
Pennsylvania,West Newton,37:16.7
Pennsylvania,West Sunbury,37:17.7
Pennsylvania,White Mills,37:25.8
Pennsylvania,Wilkes Barre,37:30.1
Pennsylvania,Willow Grove,37:42.1
Pennsylvania,Wind Gap,37:46.2
Rhode Island,Central Falls,38:34.0
Rhode Island,East Greenwich,38:47.2
Rhode Island,East Providence,38:48.1
Rhode Island,Hope Valley,38:54.1
Rhode Island,Little Compton,39:00.2
Rhode Island,North Kingstown,39:08.7
Rhode Island,North Providence,39:09.9
Rhode Island,North Scituate,39:10.9
Rhode Island,West Warwick,40:01.6
South Carolina,Calhoun Falls,41:39.3
South Carolina,Fort Mill,43:55.3
South Carolina,Fountain Inn,43:56.3
South Carolina,Goose Creek,44:09.3
South Carolina,Great Falls,44:12.2
South Carolina,Heath Springs,44:46.6
South Carolina,Hilton Head Island,44:51.4
South Carolina,Holly Hill,44:52.5
South Carolina,Honea Path,44:56.8
South Carolina,Johns Island,45:02.7
South Carolina,Lake City,45:21.3
South Carolina,Lake View,45:22.3
South Carolina,Little River,46:01.8
South Carolina,Mc Coll,46:28.8
South Carolina,Moncks Corner,46:29.8
South Carolina,Mount Pleasant,46:30.7
South Carolina,Murrells Inlet,46:35.7
South Carolina,Myrtle Beach,46:36.6
South Carolina,New Ellenton,46:39.7
South Carolina,Ninety Six,46:45.8
South Carolina,North Augusta,46:50.7
South Carolina,North Charleston,46:51.7
South Carolina,North Myrtle Beach,46:52.6
South Carolina,Pawleys Island,47:15.3
South Carolina,Ridge Spring,47:20.2
South Carolina,Rock Hill,47:24.2
South Carolina,Saint George,47:25.1
South Carolina,Saint Helena Island,47:26.1
South Carolina,Saint Matthews,47:27.0
South Carolina,Saint Stephen,47:28.1
South Carolina,Travelers Rest,48:24.7
South Carolina,Ware Shoals,48:45.6
South Carolina,West Columbia,48:46.6
South Dakota,Belle Fourche,49:33.7
South Dakota,Clear Lake,50:01.1
South Dakota,De Smet,50:09.0
South Dakota,Dell Rapids,50:13.2
South Dakota,Eagle Butte,50:14.2
South Dakota,Elk Point,50:15.2
South Dakota,Lake Andes,51:02.3
South Dakota,Lake Preston,51:03.2
South Dakota,Rapid City,51:52.9
South Dakota,Sioux Falls,52:02.3
South Dakota,Wessington Springs,52:41.5
South Dakota,White Lake,52:44.4
Tennessee,Ashland City,53:04.2
Tennessee,Big Sandy,53:19.3
Tennessee,Bluff City,53:20.4
Tennessee,Bulls Gap,53:39.0
Tennessee,Chapel Hill,53:53.2
Tennessee,Church Hill,54:07.7
Tennessee,Fall Branch,55:42.1
Tennessee,Jefferson City,57:20.8
Tennessee,Johnson City,57:28.2
Tennessee,La Follette,58:02.6
Tennessee,Lake City,58:06.4
Tennessee,Lenoir City,58:15.4
Tennessee,Maury City,59:02.4
Tennessee,Mc Ewen,59:06.5
Tennessee,Mc Kenzie,59:07.5
Tennessee,Mc Minnville,59:08.5
Tennessee,Mount Juliet,00:02.1
Tennessee,Mount Pleasant,00:03.1
Tennessee,Mountain City,00:04.4
Tennessee,New Market,00:49.9
Tennessee,New Tazewell,00:51.0
Tennessee,Oak Ridge,00:59.2
Tennessee,Old Hickory,01:02.2
Tennessee,Oliver Springs,01:03.2
Tennessee,Pigeon Forge,01:20.6
Tennessee,Pleasant Shade,01:24.5
Tennessee,Red Boiling Springs,01:36.7
Tennessee,Roan Mountain,01:44.0
Tennessee,Scotts Hill,01:58.1
Tennessee,Soddy Daisy,02:19.2
Tennessee,South Fulton,02:25.1
Tennessee,South Pittsburg,02:26.1
Tennessee,Spring City,02:31.1
Tennessee,Tellico Plains,02:46.6
Tennessee,Tracy City,02:47.6
Tennessee,Union City,03:00.5
Tennessee,White Bluff,03:13.0
Tennessee,White House,03:14.0
Tennessee,White Pine,03:15.1
Texas,Aransas Pass,04:26.7
Texas,Archer City,04:27.7
Texas,Bay City,05:17.9
Texas,Big Lake,05:57.9
Texas,Big Spring,05:58.8
Texas,Blooming Grove,06:03.8
Texas,Blue Ridge,06:04.7
Texas,Bridge City,06:45.7
Texas,Caddo Mills,07:31.8
Texas,Camp Wood,07:42.8
Texas,Canyon Lake,07:50.8
Texas,Carrizo Springs,07:51.9
Texas,Cedar Hill,08:04.5
Texas,Cedar Park,08:05.4
Texas,College Station,08:57.1
Texas,Colorado City,08:59.8
Texas,Copperas Cove,09:22.6
Texas,Corpus Christi,09:23.4
Texas,Cross Plains,09:45.6
Texas,Crystal City,09:50.6
Texas,De Kalb,10:47.2
Texas,De Leon,10:48.1
Texas,Deer Park,10:51.0
Texas,Del Rio,10:52.0
Texas,Denver City,11:06.1
Texas,Dripping Springs,11:18.1
Texas,Eagle Lake,11:25.9
Texas,Eagle Pass,11:26.8
Texas,East Bernard,11:29.7
Texas,El Campo,11:40.5
Texas,El Paso,11:41.3
Texas,Fort Stockton,12:22.2
Texas,Fort Worth,12:23.2
Texas,George West,13:08.0
Texas,Glen Rose,13:20.3
Texas,Grand Prairie,13:37.0
Texas,Grand Saline,13:37.9
Texas,Hale Center,14:00.2
Texas,Harker Heights,14:09.5
Texas,Honey Grove,14:56.0
Texas,Hughes Springs,16:22.1
Texas,Iowa Park,16:43.4
Texas,Johnson City,17:15.2
Texas,Karnes City,17:23.9
Texas,Knox City,18:04.5
Texas,La Feria,18:07.5
Texas,La Grange,18:08.3
Texas,La Joya,18:09.3
Texas,La Marque,18:10.3
Texas,La Porte,18:11.1
Texas,La Vernia,18:12.1
Texas,Lake Jackson,18:14.8
Texas,League City,18:31.1
Texas,Lone Oak,19:10.5
Texas,Marble Falls,19:50.0
Texas,Mc Camey,20:15.0
Texas,Mineral Wells,20:56.5
Texas,Missouri City,21:03.4
Texas,Mount Pleasant,21:14.3
Texas,Mount Vernon,21:15.2
Texas,New Boston,21:41.0
Texas,New Braunfels,21:41.8
Texas,New Caney,21:42.7
Texas,North Richland Hills,21:53.7
Texas,Pilot Point,22:59.1
Texas,Port Arthur,23:15.5
Texas,Port Lavaca,23:16.5
Texas,Port Neches,23:17.6
Texas,Red Oak,23:44.0
Texas,Rio Grande City,23:52.6
Texas,Rising Star,23:53.6
Texas,Robert Lee,23:54.4
Texas,Round Rock,24:20.8
Texas,Royse City,24:23.5
Texas,Saint Jo,24:33.0
Texas,San Angelo,24:35.9
Texas,San Antonio,24:36.8
Texas,San Augustine,24:37.7
Texas,San Benito,24:38.5
Texas,San Diego,24:39.5
Texas,San Juan,24:41.8
Texas,San Marcos,24:42.6
Texas,San Saba,24:43.5
Texas,Santa Anna,24:46.5
Texas,Santa Fe,24:47.3
Texas,Sterling City,25:54.7
Texas,Sulphur Springs,26:05.1
Texas,Texas City,26:39.1
Texas,The Woodlands,26:40.1
Texas,Three Rivers,26:44.0
Texas,Universal City,27:11.5
Texas,Valley Mills,27:15.3
Texas,Van Alstyne,27:18.4
Texas,Van Horn,27:19.3
Texas,West Columbia,28:16.5
Texas,Wichita Falls,28:32.4
Texas,Wills Point,28:33.3
Texas,Wolfe City,28:42.1
Utah,American Fork,29:01.8
Utah,Brigham City,29:11.6
Utah,Castle Dale,29:12.6
Utah,Cedar City,29:13.5
Utah,Heber City,29:31.7
Utah,Mount Pleasant,30:16.0
Utah,Pleasant Grove,30:37.9
Utah,Saint George,30:55.7
Utah,Salt Lake City,30:59.7
Utah,South Jordan,31:08.8
Utah,Spanish Fork,31:09.7
Utah,West Jordan,31:23.5
Utah,West Valley City,31:24.4
Vermont,Bellows Falls,31:33.1
Vermont,Craftsbury Common,31:58.2
Vermont,Enosburg Falls,31:59.2
Vermont,Essex Junction,32:00.3
Vermont,Fair Haven,32:02.2
Vermont,Island Pond,32:07.9
Vermont,Saint Albans,32:43.0
Vermont,Saint Johnsbury,32:44.1
Vermont,West Rutland,33:04.5
Vermont,White River Junction,33:05.5
Virginia,Amelia Court House,33:33.0
Virginia,Big Stone Gap,34:04.6
Virginia,Bowling Green,34:19.7
Virginia,Bremo Bluff,34:22.6
Virginia,Buena Vista,34:36.9
Virginia,Cape Charles,34:39.6
Virginia,Cedar Bluff,34:42.3
Virginia,Charles City,34:46.0
Virginia,Charlotte Court House,34:48.9
Virginia,Chase City,34:54.9
Virginia,Clifton Forge,35:23.7
Virginia,Colonial Beach,35:30.5
Virginia,Colonial Heights,35:31.4
Virginia,Drakes Branch,36:09.3
Virginia,Eagle Rock,36:14.5
Virginia,Falls Church,36:32.1
Virginia,Fork Union,36:43.5
Virginia,Front Royal,36:55.6
Virginia,Gate City,36:58.4
Virginia,Glen Allen,36:59.3
Virginia,Hot Springs,37:42.2
Virginia,Keen Mountain,37:53.5
Virginia,Kents Store,37:58.6
Virginia,King George,38:04.4
Virginia,King William,38:05.2
Virginia,Locust Grove,38:20.4
Virginia,Madison Heights,38:42.0
Virginia,Mc Dowell,39:06.2
Virginia,Mc Gaheysville,39:07.1
Virginia,Mc Kenney,39:08.1
Virginia,Mount Jackson,39:21.8
Virginia,New Castle,39:25.6
Virginia,New Church,39:26.6
Virginia,New Market,39:27.6
Virginia,Newport News,39:28.6
Virginia,Pennington Gap,40:10.2
Virginia,Rocky Mount,41:20.0
Virginia,Rose Hill,41:20.9
Virginia,Rural Retreat,41:23.8
Virginia,South Boston,41:43.8
Virginia,South Hill,41:44.8
Virginia,Stephens City,41:57.0
Virginia,Stony Creek,41:59.9
Virginia,Stuarts Draft,42:05.5
Virginia,Virginia Beach,42:30.5
Virginia,Weber City,42:45.7
Virginia,West Point,42:46.6
Virginia,Weyers Cave,42:47.5
Washington,Bainbridge Island,43:26.0
Washington,Battle Ground,43:26.9
Washington,Castle Rock,43:53.1
Washington,Cle Elum,44:09.0
Washington,Deer Park,44:17.6
Washington,East Wenatchee,44:18.6
Washington,Federal Way,44:36.0
Washington,Gig Harbor,44:42.1
Washington,Grand Coulee,44:44.8
Washington,Long Beach,45:09.7
Washington,Moses Lake,45:25.5
Washington,Mount Vernon,45:26.3
Washington,Oak Harbor,45:29.1
Washington,Port Angeles,45:48.4
Washington,Port Orchard,45:49.3
Washington,Port Townsend,45:50.3
Washington,Sedro Woolley,46:28.9
Washington,Walla Walla,47:17.6
Washington,White Salmon,47:23.9
West Virginia,Alum Creek,47:38.7
West Virginia,Berkeley Springs,48:04.0
West Virginia,Bruceton Mills,48:15.1
West Virginia,Capon Bridge,48:29.6
West Virginia,Cedar Grove,48:30.6
West Virginia,East Bank,49:14.7
West Virginia,Elm Grove,49:25.9
West Virginia,Fort Ashby,49:48.1
West Virginia,Fort Spring,49:49.1
West Virginia,French Creek,49:54.8
West Virginia,Gauley Bridge,49:57.6
West Virginia,Harpers Ferry,50:11.4
West Virginia,Jane Lew,50:38.2
West Virginia,Mc Mechen,51:16.2
West Virginia,Mount Hope,51:37.7
West Virginia,New Cumberland,51:40.4
West Virginia,New Haven,51:41.3
West Virginia,New Martinsville,51:42.3
West Virginia,Oak Hill,51:50.8
West Virginia,Paden City,51:55.5
West Virginia,Paw Paw,52:06.9
West Virginia,Pine Grove,52:19.9
West Virginia,Point Pleasant,52:24.5
West Virginia,Saint Albans,52:57.8
West Virginia,Saint Marys,52:58.7
West Virginia,Shady Spring,53:04.6
West Virginia,Terra Alta,53:22.6
West Virginia,Webster Springs,53:35.3
West Virginia,West Hamlin,53:48.3
West Virginia,West Union,53:49.2
West Virginia,White Sulphur Springs,54:01.8
Wisconsin,Beaver Dam,55:00.8
Wisconsin,Black Creek,55:17.6
Wisconsin,Black Earth,55:18.4
Wisconsin,Black River Falls,55:19.3
Wisconsin,Blue River,55:29.8
Wisconsin,Chippewa Falls,56:14.9
Wisconsin,Clear Lake,56:15.7
Wisconsin,Coon Valley,56:34.4
Wisconsin,Cross Plains,56:41.1
Wisconsin,Cuba City,56:42.0
Wisconsin,De Forest,56:52.5
Wisconsin,De Pere,56:53.4
Wisconsin,De Soto,56:54.4
Wisconsin,Eagle River,57:12.5
Wisconsin,East Troy,57:13.4
Wisconsin,Eau Claire,57:14.3
Wisconsin,Fall Creek,57:31.8
Wisconsin,Fond Du Lac,57:36.6
Wisconsin,Fort Atkinson,57:37.6
Wisconsin,Fountain City,57:38.5
Wisconsin,Fox Lake,57:39.5
Wisconsin,Gays Mills,57:51.7
Wisconsin,Genoa City,57:52.6
Wisconsin,Glenwood City,57:57.5
Wisconsin,Green Bay,58:06.8
Wisconsin,Hales Corners,58:13.4
Wisconsin,Junction City,58:58.5
Wisconsin,La Crosse,59:24.7
Wisconsin,La Farge,59:25.5
Wisconsin,Lake Delton,59:28.4
Wisconsin,Lake Geneva,59:29.3
Wisconsin,Lake Mills,59:30.2
Wisconsin,Little Chute,59:36.4
Wisconsin,Lyndon Station,59:46.6
Wisconsin,Maiden Rock,59:54.8
Wisconsin,Mc Farland,00:27.9
Wisconsin,Menomonee Falls,00:40.1
Wisconsin,Mineral Point,01:45.6
Wisconsin,Mount Horeb,02:08.8
Wisconsin,New Berlin,02:25.7
Wisconsin,New Glarus,02:26.6
Wisconsin,New Holstein,02:27.6
Wisconsin,New Lisbon,02:28.5
Wisconsin,New London,02:29.5
Wisconsin,New Richmond,02:30.4
Wisconsin,Oak Creek,02:35.8
Wisconsin,Oconto Falls,02:43.4
Wisconsin,Park Falls,03:18.8
Wisconsin,Port Washington,03:34.8
Wisconsin,Poy Sippi,03:40.4
Wisconsin,Prairie Du Chien,03:43.2
Wisconsin,Random Lake,04:04.9
Wisconsin,Rib Lake,04:19.9
Wisconsin,Rice Lake,04:20.8
Wisconsin,Richland Center,04:21.7
Wisconsin,River Falls,04:27.4
Wisconsin,Saint Cloud,04:28.4
Wisconsin,Saint Croix Falls,04:29.4
Wisconsin,Saint Nazianz,04:30.3
Wisconsin,Sauk City,04:31.3
Wisconsin,Sheboygan Falls,04:46.5
Wisconsin,Shell Lake,04:47.3
Wisconsin,Sister Bay,04:52.7
Wisconsin,Solon Springs,04:55.6
Wisconsin,South Milwaukee,04:56.6
Wisconsin,South Wayne,04:57.5
Wisconsin,Spring Green,05:07.4
Wisconsin,Spring Valley,05:08.4
Wisconsin,Stevens Point,05:11.2
Wisconsin,Sturgeon Bay,05:19.6
Wisconsin,Sun Prairie,05:20.5
Wisconsin,Turtle Lake,05:41.9
Wisconsin,Twin Lakes,05:42.8
Wisconsin,Two Rivers,05:43.7
Wisconsin,Union Grove,05:44.7
Wisconsin,West Allis,06:31.7
Wisconsin,West Bend,06:32.7
Wisconsin,West Salem,06:33.6
Wisconsin,Wild Rose,06:45.1
Wisconsin,Wisconsin Dells,06:50.0
Wisconsin,Wisconsin Rapids,06:50.9
Wyoming,Fort Washakie,07:18.9
Wyoming,Green River,07:21.6
Wyoming,Rock Springs,07:45.6
Kansas,Arkansas City,28:11.7
Kansas,Baldwin City,28:24.9
Kansas,Baxter Springs,28:25.8
Kansas,Blue Rapids,28:32.4
Kansas,Bonner Springs,28:33.2
Kansas,Cawker City,28:46.7
Kansas,Clay Center,28:58.5
Kansas,Conway Springs,29:26.2
Kansas,Cottonwood Falls,29:28.9
Kansas,Council Grove,29:29.9
Kansas,De Soto,29:30.9
Kansas,Dodge City,29:35.4
Kansas,El Dorado,29:42.3
Kansas,Fort Scott,29:58.9
Kansas,Garden City,30:08.6
Kansas,Garden Plain,30:09.5
Kansas,Great Bend,30:22.6
Kansas,Hill City,30:50.2
Kansas,Junction City,31:31.2
Kansas,Kansas City,31:32.1
Kansas,La Crosse,31:38.8
Kansas,La Cygne,31:39.7
Kansas,Le Roy,31:49.9
Kansas,Medicine Lodge,33:00.6
Kansas,Mound City,33:09.7
Kansas,Mount Hope,33:12.5
Kansas,Ness City,33:18.9
Kansas,Osage City,33:34.3
Kansas,Overland Park,33:46.7
Kansas,Saint Francis,34:18.3
Kansas,Saint John,34:19.2
Kansas,Saint Marys,34:20.2
Kansas,Saint Paul,34:21.3
Kansas,Scott City,34:30.1
Kansas,Sharon Springs,34:38.8
Kansas,Shawnee Mission,34:41.5
Kansas,Smith Center,34:42.4
Kansas,Spring Hill,34:46.2
Kansas,Sylvan Grove,34:56.2
Kansas,Valley Center,35:17.5
Kansas,Valley Falls,35:18.5
Kansas,Wa Keeney,35:21.3
Kansas,Yates Center,36:05.3
